conf,size,kind,ctx,n,react_1,min_per,held24,far|0.5atr,far|1atr,far|gap,ce|0.5atr,ce|1atr,ext|1atr,ext|2R,ext-0.25atr|1atr,best_exit,best_exit_minEV,best_exit_EV
A,0.5,оба,—,668,50.59880239520959,49.81132075471698,50.59880239520959,0.007769665141580994,-0.047459340249635676,-0.01347861828921931,-0.02384951136798666,-0.017091730196901463,-0.03415924649824981,-0.21863424747079457,-0.05101153405029501,far|0.5atr,-0.030289509805660808,0.007769665141580994
A,0.5,оба,тренд,583,51.114922813036024,49.56521739130435,50.60034305317325,0.008678787938657949,-0.04847170308777807,-0.029013990414118444,-0.01662111021020225,-0.009915319984378279,-0.06527412022398921,-0.20864897316953138,-0.05873325605524151,far|0.5atr,-0.06454204179190184,0.008678787938657949
A,0.5,оба,EMA200,479,51.774530271398746,48.663101604278076,52.19206680584551,0.02537559062398818,-0.0381391399946811,-0.0024056735756660492,-0.018910868103845978,-0.013523255231586862,-0.0381950960203063,-0.22053085795776362,-0.03367717404392056,far|0.5atr,-0.05930773877546712,0.02537559062398818
A,0.5,оба,свежий≤24ч,483,50.931677018633536,48.06201550387597,51.345755693581786,0.029193861076041012,-0.03356535837461263,0.020738996174858672,0.011542511820626768,0.027322355203849725,0.05232930118216623,-0.21206757196048456,-0.0022433151629673727,far|0.5atr,-0.01630145658466997,0.029193861076041012
A,0.5,оба,не выходные,533,49.906191369606,49.321266968325794,50.093808630394,0.009055519467728064,-0.06101186631072768,-0.03873158416792322,-0.02865629127842693,-0.031469982067230264,-0.07933748428792338,-0.19204505379937778,-0.08026425559876843,far|0.5atr,-0.0428733801102934,0.009055519467728064
A,0.5,оба,заход<50%,589,51.782682512733444,50.26178010471204,51.782682512733444,0.01930869517590135,-0.027812599806844838,0.0034373131293713947,-0.007218491448538612,0.005218430807534155,-0.015611626414080608,-0.23932434502233685,-0.028923705152086986,ce|1atr,-0.03385119772919366,0.005218430807534155
A,0.5,оба,объём≥1.5x,479,52.19206680584551,51.67785234899329,53.86221294363257,-0.007792518951951577,-0.05321321997290735,-0.03214337477418518,-0.027041530007402965,-0.030239244828869503,-0.09553746330493207,-0.21823151188236567,-0.05663057459465025,far|0.5atr,-0.05876980312456799,-0.007792518951951577
A,0.5,оба,сессия Asia,197,48.73096446700508,42.68292682926829,47.71573604060914,-0.008531443141309016,-0.07704090221727285,-0.024591387489165787,-0.006771977362577364,-0.013186504166681729,-0.05302836035123165,-0.3105107198713329,-0.1259060705724839,ce|0.5atr,-0.09232881123606566,-0.006771977362577364
A,0.5,оба,сессия NY,241,51.867219917012456,50.0,55.18672199170125,-0.025842440909782834,-0.018844329329696867,-0.024034916919030584,-0.06389816897771942,0.036688232723526906,0.19153007984726428,-0.0060530505868970795,0.025147821828459187,far|gap,-0.07474858083930798,-0.024034916919030584
A,0.5,bull,—,342,51.75438596491229,48.484848484848484,49.41520467836257,-0.021004578815913572,-0.04678885345606629,0.0031518711569295775,-0.05447962950550181,-0.022686998868856625,-0.024977177957852977,-0.26178903779019347,-0.05136937758579644,far|gap,-0.08840757113421219,0.0031518711569295775
A,0.5,bull,тренд,300,53.0,47.674418604651166,49.333333333333336,-0.01615258554826207,-0.0355380313252377,-0.0032782652507536625,-0.03496420783096923,-0.011147360912780862,-0.033061933207375625,-0.23816594031909025,-0.03560639802374949,far|1atr,-0.13215410401196423,-0.0355380313252377
A,0.5,bull,EMA200,255,55.294117647058826,50.0,51.76470588235295,0.02142116351999402,0.004658423970795021,0.06594645527757102,-0.029534289715890324,-0.011640967036153622,0.010004843639505623,-0.26060878450520475,-0.010848197623993767,far|gap,-0.09035815100980318,0.06594645527757102
A,0.5,bull,свежий≤24ч,248,52.82258064516129,44.61538461538462,52.41935483870967,0.023714941079089315,-0.01713342094809337,0.06658006681020437,0.013554820687957493,0.04240421071989137,0.07926031047627546,-0.2668463804050083,-0.003676355396223173,far|gap,-0.09747590699631498,0.06658006681020437
A,0.5,bull,не выходные,276,51.08695652173913,46.51162790697674,49.275362318840585,-0.019413225991969565,-0.059962992156784016,-0.021291689434700244,-0.04062637939360053,-0.025877301135663677,-0.015570999750735927,-0.21900828238515974,-0.08187118348616122,far|gap,-0.10934846935381172,-0.021291689434700244
A,0.5,bull,заход<50%,292,52.73972602739726,49.411764705882355,50.0,-0.025992100056919508,-0.03543143918168836,0.017249532493436793,-0.07250680055616687,-0.02313730408290398,-0.029561121277440816,-0.32606539084042435,-0.039028846003560116,far|1atr,-0.09772748942154355,-0.03543143918168836
A,0.5,bull,объём≥1.5x,233,54.077253218884124,47.2972972972973,53.21888412017167,-0.015880144273895322,-0.041691588551202724,-0.018638330560680087,-0.034898353367479484,-0.02390210418754692,0.03664212677475535,-0.21965935375874826,-0.05428627306421715,far|gap,-0.12131288432087833,-0.018638330560680087
A,0.5,bull,сессия Asia,104,50.0,44.11764705882353,48.07692307692308,-0.08075005170373907,-0.08745106621796353,-0.0015582114803783925,-0.04174392590104005,-0.04473909842708605,-0.08756573062169785,-0.5009639542586777,-0.0975230512598443,far|gap,-0.12414628508110957,-0.0015582114803783925
A,0.5,bull,сессия NY,115,53.91304347826087,48.888888888888886,57.391304347826086,-0.018720228607394,0.010320153717385138,0.00675072689690479,-0.04207156537154474,0.06229022717464864,0.24721542953967685,-0.034696177058106084,0.03633598990639152,far|gap,-0.05287990893019767,0.00675072689690479
A,0.5,bear,—,326,49.38650306748466,39.285714285714285,51.84049079754601,0.03795614193134524,-0.048162734370496826,-0.03092532807628349,0.008283925451124325,-0.0112218471115988,-0.04379196870934097,-0.17336143063265214,-0.05063612764188552,ce|0.5atr,-0.031746424526518886,0.008283925451124325
A,0.5,bear,тренд,283,49.11660777385159,35.82089552238806,51.9434628975265,0.0350017987021774,-0.0621823091964781,-0.056295677866448623,0.0028238695997981097,-0.008609269530241288,-0.09942131494124741,-0.17735890198625337,-0.08324935997555108,far|0.5atr,-0.036374906121843395,0.0350017987021774
A,0.5,bear,EMA200,224,47.767857142857146,40.42553191489361,52.67857142857143,0.029877282193267275,-0.08685958111609364,-0.08021724883269932,-0.006817240822277657,-0.015666038668352363,-0.09306556304375302,-0.17490643264706063,-0.0596655177362479,far|0.5atr,-0.0032666650709869626,0.029877282193267275
A,0.5,bear,свежий≤24ч,235,48.93617021276596,41.935483870967744,50.212765957446805,0.03497587026431343,-0.050906296594939345,-0.027637963474357218,0.009418883739358626,0.011406184276282382,0.02390849137391469,-0.15425844645307224,-0.0007310003636165896,far|0.5atr,-0.013533129874581247,0.03497587026431343
A,0.5,bear,не выходные,257,48.63813229571984,36.666666666666664,50.97276264591439,0.039628958171527846,-0.06213828369006018,-0.057460809640178266,-0.015801255014660696,-0.03747612968245349,-0.14781822254575896,-0.1630884347734019,-0.07853852759518702,far|0.5atr,0.009622068169593656,0.039628958171527846
A,0.5,bear,заход<50%,297,50.841750841750844,40.50632911392405,53.535353535353536,0.06384685075833803,-0.020322023721140118,-0.010142377289171002,0.05697068787613294,0.033096796423722506,-0.0018969715315850886,-0.15404358617088376,-0.01898868451696866,far|0.5atr,0.013599738498330247,0.06384685075833803
A,0.5,bear,объём≥1.5x,246,50.40650406504065,37.735849056603776,54.47154471544715,-0.0001322884640942845,-0.06412598469346494,-0.04493473778941561,-0.019599904629769523,-0.03624149592410596,-0.2207319530958555,-0.2168791250644911,-0.058850990271849084,far|0.5atr,-0.1235880757138738,-0.0001322884640942845
A,0.5,bear,сессия Asia,93,47.31182795698925,41.66666666666667,47.31182795698925,0.07222915138011815,-0.06539942849607039,-0.05034891764953022,0.03233643820731638,0.022098117371834966,-0.014405924779957694,-0.09753075883602262,-0.15764622120167215,far|0.5atr,0.0311718269509669,0.07222915138011815
A,0.5,bear,сессия NY,126,50.0,40.625,53.17460317460318,-0.032342872773074224,-0.0454627067139384,-0.052132925163733475,-0.08381927544367254,0.013321333026074496,0.14070614957244335,0.020089485478095293,0.014936398582727278,ce|0.5atr,-0.12405518518571348,-0.08381927544367254
A,0.75,оба,—,384,56.25,53.205128205128204,61.71875,0.011372470609903393,-0.044756324746602516,-0.019602159645771233,0.006977692016513669,-0.015445803895109902,-0.0982307321470976,-0.21527838492991114,-0.06097231235073328,far|0.5atr,-0.07368017320407703,0.011372470609903393
A,0.75,оба,тренд,350,55.714285714285715,52.083333333333336,61.42857142857143,0.006781105316413826,-0.06248400473532525,-0.03555872331120691,0.002015566692582362,-0.03293484694596737,-0.13984130110608503,-0.2252032945654286,-0.07203669528765763,far|0.5atr,-0.08153904999180711,0.006781105316413826
A,0.75,оба,EMA200,283,57.95053003533569,54.21686746987952,63.957597173144876,0.030509296242445097,-0.022828071001785532,0.002163436281413118,0.006850701594318081,0.006598804370190606,-0.011141830988296974,-0.22668306723167667,-0.014709657591863521,far|0.5atr,-0.03687606158848232,0.030509296242445097
A,0.75,оба,свежий≤24ч,274,59.12408759124088,51.388888888888886,65.32846715328468,0.05117339658461146,0.01569529732544431,0.03275577622732078,0.08185584155864177,0.11795818287168272,0.0891091904070639,-0.1755656548141412,0.07345816293672518,ce|0.5atr,0.008429315692960656,0.08185584155864177
A,0.75,оба,не выходные,312,53.84615384615385,51.515151515151516,59.294871794871796,-0.016426428202134514,-0.08840593124064504,-0.07487213850882043,-0.036654917028569524,-0.07205171617549364,-0.11357158691382703,-0.20024438263177968,-0.12159063055063449,far|0.5atr,-0.0744201040012486,-0.016426428202134514
A,0.75,оба,заход<50%,352,57.10227272727273,53.42465753424658,62.5,0.016706390141932356,-0.03165825228974477,-0.004917071227869153,0.015663377886742467,-0.011163136046661264,-0.09693945686048132,-0.23922998472821388,-0.051102720377066514,far|0.5atr,-0.08263936879673163,0.016706390141932356
A,0.75,оба,объём≥1.5x,328,55.79268292682927,53.62318840579711,60.97560975609756,-0.011834221786259572,-0.06985397480350349,-0.04684652148828398,-0.03784454252203835,-0.09433527766218168,-0.16894719145743795,-0.24531916406077292,-0.13293136414298193,far|0.5atr,-0.09528897722105326,-0.011834221786259572
A,0.75,оба,сессия Asia,113,57.52212389380531,50.0,58.4070796460177,0.01915056082666935,-0.0039836855683872035,-0.013020502270748075,0.05109542335439585,0.04654372773259871,-0.04852917759748035,-0.36293745885410955,-0.11441952223692929,ce|0.5atr,-0.0661559458430422,0.05109542335439585
A,0.75,оба,сессия NY,143,53.14685314685315,48.837209302325576,65.03496503496503,-0.03585413657731526,-0.09454457965959737,-0.050624883669307,-0.04292953355157863,-0.06217308657390365,-0.03911650449757547,-0.028791533904558728,-0.07732445752088603,far|0.5atr,-0.07482422071675356,-0.03585413657731526
A,0.75,bull,—,207,57.48792270531401,48.4375,59.42028985507246,-0.012033011351845316,-0.026197607083045693,0.01015412374504582,-0.029689559090735708,-0.010569345695788627,0.06093659260424437,-0.26646392251135903,-0.006187441281309593,far|gap,-0.12939456311581402,0.01015412374504582
A,0.75,bull,тренд,190,57.36842105263158,47.368421052631575,58.94736842105262,-0.011034788076487,-0.03834989642596584,0.0028661654204562874,-0.024353679173837094,-0.022808896863527987,-0.0011671208561807962,-0.27483152712398956,-0.008727896805312827,far|gap,-0.1603186657135204,0.0028661654204562874
A,0.75,bull,EMA200,157,62.42038216560509,51.162790697674424,62.42038216560509,0.033357136662220996,0.051885774911259265,0.09213064360439668,6.040244430283665e-05,0.037975460984988454,0.17702777869871625,-0.2910238493041632,0.05807802488912941,far|gap,-0.055319866019139054,0.09213064360439668
A,0.75,bull,свежий≤24ч,146,62.328767123287676,44.73684210526316,66.43835616438356,0.060831249488839896,0.06819519162791628,0.10721731884600193,0.08290381223320256,0.1507669401459503,0.3037968794858009,-0.25343040899242436,0.13072703238110076,ce|0.5atr,-0.06906182327286976,0.08290381223320256
A,0.75,bull,не выходные,171,54.97076023391813,45.45454545454545,57.30994152046783,-0.03318412432864268,-0.07340227608953265,-0.043196560912330435,-0.04922166743336484,-0.05161950560340921,0.03818916292702723,-0.20435792962825872,-0.06736128227203474,far|0.5atr,-0.16335398522895617,-0.03318412432864268
A,0.75,bull,заход<50%,184,59.2391304347826,51.78571428571429,60.32608695652174,-0.010994885900326235,0.001246096087285262,0.040336831200559496,-0.02512786100389824,0.011027223618389847,0.09007602040165516,-0.29517129918769286,0.01936683049166969,far|gap,-0.10195627706308076,0.040336831200559496
A,0.75,bull,объём≥1.5x,173,56.06936416184971,49.2063492063492,57.80346820809249,-0.020183852943664194,-0.07017990995406907,-0.036028323934692456,-0.07278501043858868,-0.1164972573850843,-0.012117134662891629,-0.25355596354794624,-0.09736631005872001,far|1atr,-0.18951416013004743,-0.07017990995406907
A,0.75,bull,сессия Asia,63,58.730158730158735,47.61904761904761,57.14285714285714,-0.05226996376162902,-0.00040850389603683214,0.017164821067004336,-0.010059035231205469,0.013145102907609906,0.13219546205024424,-0.5620096213881937,-0.043127766322555036,ext|1atr,-0.057006211256396946,0.13219546205024424
A,0.75,bull,сессия NY,74,54.054054054054056,46.42857142857143,64.86486486486487,-0.0135346767997988,-0.06201929787527089,-0.013468304497704173,-0.035451627421661656,-0.03947032174547755,0.11302551215889028,-0.03857512256906769,-0.016954982104635,far|0.5atr,-0.14068779480684762,-0.0135346767997988
A,0.75,bear,—,177,54.80225988700565,43.90243902439025,64.40677966101694,0.038744983412626444,-0.06646058777686387,-0.054401880899438614,0.04985973144702566,-0.021148780433299208,-0.2843755695681585,-0.15541733250415002,-0.12504275478785595,ce|0.5atr,0.01740556022112534,0.04985973144702566
A,0.75,bear,тренд,160,53.75,41.17647058823529,64.375,0.027937478720483595,-0.09114325835268954,-0.08118827868005696,0.03332904615895544,-0.04495941266886413,-0.30451689015284633,-0.16626976840213747,-0.147215893485442,ce|0.5atr,0.01330725188613802,0.03332904615895544
A,0.75,bear,EMA200,126,52.38095238095239,43.47826086956522,65.87301587301587,0.026960796671771967,-0.11592389487756358,-0.10993856014484417,0.015311629900289466,-0.03249750585618449,-0.24560713829671826,-0.14651241020484818,-0.1054054206832594,far|0.5atr,-0.0014741700582199752,0.026960796671771967
A,0.75,bear,свежий≤24ч,128,55.46875,47.05882352941176,64.0625,0.04015740811572588,-0.04418739461331278,-0.05217692082211237,0.08066050000797086,0.08053569410572138,-0.15576895494837042,-0.08675116957953699,0.0081358587267342,ce|0.5atr,0.050070434971151594,0.08066050000797086
A,0.75,bear,не выходные,141,52.4822695035461,35.714285714285715,61.702127659574465,0.0038967351853328187,-0.10660185344518561,-0.11328720070030833,-0.021414389941902874,-0.0968312055927024,-0.29762185799741625,-0.1952556128700924,-0.18735813803744697,ce|0.5atr,-0.0571007819560534,-0.021414389941902874
A,0.75,bear,заход<50%,168,54.761904761904766,43.58974358974359,64.88095238095238,0.047045882950120334,-0.06769634813125389,-0.05448086912567198,0.06033949667172991,-0.03546686329886018,-0.301765931957107,-0.17796092603449887,-0.12828365704282524,ce|0.5atr,0.005367430213847611,0.06033949667172991
A,0.75,bear,объём≥1.5x,155,55.483870967741936,40.0,64.51612903225806,-0.0025149560428337453,-0.06949018911932385,-0.058921025854550564,0.0011535281203048726,-0.06959964868113552,-0.3439897709765123,-0.23612583302025048,-0.17262655354025497,ce|0.5atr,-0.07874021711474524,0.0011535281203048726
A,0.75,bear,сессия NY,69,52.17391304347826,46.666666666666664,65.21739130434783,-0.059790948512622795,-0.12942676592104888,-0.09047396857798251,-0.050949316937286625,-0.08652097928844749,-0.20228330496972705,-0.018298989539722997,-0.14206853260498128,far|0.5atr,-0.10684292973549409,-0.059790948512622795
A,1.0,оба,—,230,59.130434782608695,55.072463768115945,65.21739130434783,0.014026244126238551,-0.06736333207100384,-0.03662180309081466,0.016579094467432214,-0.0679578714771527,-0.2483281788373282,-0.23488495380134222,-0.10458318071934077,far|0.5atr,-0.04185308344022991,0.014026244126238551
A,1.0,оба,тренд,213,59.154929577464785,53.125,65.25821596244131,0.01391471986635448,-0.07241477136499716,-0.04765457573930105,0.03014266679264735,-0.0478142878425146,-0.18912661500001013,-0.19032894966161418,-0.06580668152073775,far|0.5atr,-0.04457882949198389,0.01391471986635448
A,1.0,оба,EMA200,173,61.849710982658955,54.90196078431373,67.05202312138728,0.04259212614607975,-0.02936870559432945,-0.0005331286020492229,0.042588169339445286,-0.018584404533390348,-0.045314873854172835,-0.19004296099460183,-0.007534582872279932,far|0.5atr,0.011280270997384857,0.04259212614607975
A,1.0,оба,свежий≤24ч,161,62.11180124223602,51.162790697674424,68.94409937888199,0.040256938194388456,-0.01747924648140968,0.005794148109094374,0.09343905369827685,0.047421091993564174,-0.13011245355743892,-0.21847467938229462,-0.002971771883669505,ce|0.5atr,0.04243454699283081,0.09343905369827685
A,1.0,оба,не выходные,194,54.63917525773196,50.847457627118644,62.371134020618555,-0.030173527569704806,-0.14021691597466182,-0.11614188554260725,-0.05349055354083648,-0.14700556618632163,-0.2419792701647156,-0.24821488008728027,-0.18381912777713957,far|0.5atr,-0.07503373426074444,-0.030173527569704806
A,1.0,оба,заход<50%,213,60.093896713615024,57.14285714285714,66.19718309859155,0.011647394232599213,-0.050009088823003416,-0.02451069596778031,0.025049016988282425,-0.04280288951621338,-0.24221539033227413,-0.2388658666903371,-0.09236994486045151,ce|0.5atr,-0.03714902460607905,0.025049016988282425
A,1.0,оба,объём≥1.5x,211,58.767772511848335,56.25,65.40284360189574,-0.00292361267933904,-0.07963512072461125,-0.0570373566964789,-0.0005670296807315828,-0.09204645554759364,-0.2645488633611113,-0.21939680210713908,-0.13472805296090234,far|0.5atr,-0.06674622422701355,-0.00292361267933904
A,1.0,оба,сессия Asia,65,61.53846153846154,51.515151515151516,61.53846153846154,-0.0034301617897957363,-0.001053177130436682,-0.028794396366219506,0.07437011071222334,0.05520645771985735,-0.2809069095454325,-0.5340803492753335,-0.2151599766847184,ce|1atr,-0.08477694375067528,0.05520645771985735
A,1.0,оба,сессия NY,78,56.41025641025641,48.148148148148145,70.51282051282051,0.010570810241513908,-0.12786573877880802,-0.037062285902581905,-0.0032268550321008674,-0.17031340830710212,-0.23487815347704333,-0.001329640738887442,-0.09896126987981817,ce|0.5atr,-0.032120113299607816,-0.0032268550321008674
A,1.0,bull,—,130,58.46153846153847,47.22222222222222,61.53846153846154,0.004079987023015168,-0.07734634958725757,-0.017900063092633162,-0.0008845180404505958,-0.08598773261832812,-0.06895950574517418,-0.3391455714266689,-0.03756667507699015,ce|0.5atr,-0.08389120616887638,-0.0008845180404505958
A,1.0,bull,тренд,125,58.4,45.714285714285715,60.8,0.00216206656641309,-0.08087906012892747,-0.0239626765422015,0.013285659990255062,-0.06667893468001294,-0.022084161121476032,-0.3030776694302306,0.00484232626896034,ce|0.5atr,-0.09561361438010428,0.013285659990255062
A,1.0,bull,EMA200,102,64.70588235294117,51.85185185185185,63.725490196078425,0.05389893385264404,0.018543300491231797,0.06915569017043145,0.052711809398809914,-0.00018492129321282677,0.1785954576342024,-0.28851257860219537,0.07578402942053235,far|0.5atr,0.01865655390087355,0.05389893385264404
A,1.0,bull,свежий≤24ч,93,63.44086021505376,47.82608695652174,67.74193548387096,0.07229985999879097,0.005961178782040981,0.07461611020556519,0.13609211666561596,0.06574676418521144,0.10564052395618329,-0.3505916376704591,0.08261585760451658,ce|0.5atr,0.048933425992518285,0.13609211666561596
A,1.0,bull,не выходные,112,53.57142857142857,43.75,58.92857142857143,-0.04442006191879936,-0.16183839981284137,-0.10742673341246747,-0.061291208306274846,-0.1616962660924215,-0.06287301911643538,-0.3236998251488704,-0.12224438449356494,ce|0.5atr,-0.12898474516388142,-0.061291208306274846
A,1.0,bull,заход<50%,117,59.82905982905983,50.0,62.39316239316239,-0.004790204149962141,-0.05565125327065954,0.0016399931724349211,-0.0014105307520105698,-0.04725354925373167,-0.03838560872393337,-0.360530541331541,-0.014356549529082456,ce|0.5atr,-0.07655758640254072,-0.0014105307520105698
A,1.0,bull,объём≥1.5x,116,56.896551724137936,50.0,60.3448275862069,-0.01254084526574765,-0.11136611875341997,-0.062353702217422494,-0.02089299129090611,-0.13169016510952422,-0.06561599773485695,-0.28678735493721597,-0.08565980507948676,ce|0.5atr,-0.1446587227439245,-0.02089299129090611
A,1.0,bear,—,100,60.0,47.05882352941176,70.0,0.026956378360428995,-0.054385409299874024,-0.060960065088450616,0.039281790727679816,-0.04451905199362468,-0.48150745385712845,-0.09934615088841756,-0.19170463805439664,far|0.5atr,-0.001571827361822489,0.026956378360428995
A,1.0,bear,тренд,88,60.22727272727273,50.0,71.5909090909091,0.03060882966740759,-0.06039163391623257,-0.08130784164427197,0.054087278727863654,-0.02101791449379534,-0.426402827895655,-0.03017451817210226,-0.166160385767468,far|0.5atr,-0.005391045420996877,0.03060882966740759
A,1.0,bear,EMA200,71,57.74647887323944,50.0,71.83098591549296,0.02634854324369163,-0.09820003828062869,-0.10064945979631716,0.028044348409090442,-0.04501746496294113,-0.36698887120366946,-0.04857956668510111,-0.12723174419434827,far|0.5atr,-0.007509424302588823,0.02634854324369163
A,1.0,bear,свежий≤24ч,68,60.29411764705882,53.84615384615385,70.58823529411765,-0.003566469567514986,-0.04953747515054069,-0.08833000593460838,0.03510471758118068,0.022358040319693632,-0.45253931986283386,-0.037785309958775534,-0.12002544162486514,ce|0.5atr,0.022845385151161336,0.03510471758118068
A,1.0,bear,не выходные,82,56.09756097560976,35.714285714285715,67.07317073170732,-0.010714846507526897,-0.11068513317129465,-0.12804550796426153,-0.04283600069048167,-0.126940219973112,-0.4866121984257812,-0.14511349171047405,-0.2679212161644611,far|0.5atr,-0.04982037655888032,-0.010714846507526897
A,1.0,bear,заход<50%,96,60.416666666666664,47.05882352941176,70.83333333333334,0.03168071726134587,-0.043132700902422515,-0.0563818483574176,0.05729659079676449,-0.03737864796111292,-0.4906329366674395,-0.09058704447136988,-0.18744877042055755,far|0.5atr,0.01683709836648568,0.03168071726134587
A,1.0,bear,объём≥1.5x,95,61.05263157894737,46.666666666666664,71.57894736842105,0.008819534478801985,-0.04088990207890796,-0.050545819007747766,0.02425203923274465,-0.04363939966144675,-0.5074563624415902,-0.13710939023041363,-0.19464296616347296,ce|0.5atr,-0.00599420080186248,0.02425203923274465
A,1.5,оба,—,85,62.35294117647059,57.14285714285714,70.58823529411765,-0.015349620104338393,-0.1000760270267732,-0.11091823064568992,0.03234323594999636,-0.06534455280434773,0.018973875658301907,-0.14080800713623762,-0.1885631033043305,ce|0.5atr,-0.08931031605703244,0.03234323594999636
A,1.5,оба,тренд,82,63.41463414634146,55.55555555555556,71.95121951219512,-0.010347589448519367,-0.08562687420948047,-0.10150239011685652,0.05188905615963719,-0.02937034046935714,0.06315840279253224,-0.1024691586408319,-0.1558632570822714,ce|0.5atr,-0.0814916016412699,0.05188905615963719
A,1.5,оба,EMA200,69,63.76811594202898,54.54545454545454,71.01449275362319,-0.03567511520283335,-0.08227935794495904,-0.0741045595870828,0.02557882935552309,-0.008367429319210836,0.19858759408801,-0.12763792497555418,-0.0904429182624295,far|0.5atr,-0.11571578373870123,-0.03567511520283335
A,1.5,оба,не выходные,71,56.33802816901409,47.61904761904761,64.7887323943662,-0.060855669679751416,-0.18774959510984182,-0.2017974798364523,-0.04012760155970773,-0.15861009878419247,0.13000993322877494,-0.19058218681243072,-0.2336797504596648,ce|0.5atr,-0.1328070705023509,-0.04012760155970773
A,1.5,оба,заход<50%,79,63.29113924050633,56.00000000000001,72.15189873417721,-6.661940888681875e-05,-0.08338983615662765,-0.10881971065596537,0.04489366970588416,-0.0554640908655484,0.03965360732145912,-0.14752327494080378,-0.18108036548398818,ce|0.5atr,-0.08882780545694328,0.04489366970588416
A,1.5,оба,объём≥1.5x,84,61.904761904761905,57.14285714285714,70.23809523809523,-0.0189025494277291,-0.10825325989932809,-0.12352389171342683,0.026193240232847817,-0.07966849612004569,0.031984410106538776,-0.12969963795936432,-0.20702301968686937,ce|0.5atr,-0.08931031605703244,0.026193240232847817
C,0.5,оба,—,343,48.39650145772595,45.57823129251701,49.56268221574344,-0.03962574947101612,-0.08357848711551595,-0.001758237278935679,-0.1539737802878947,-0.17112084575595402,-0.11278171621395779,-0.012457335036417489,-0.028534083385513224,far|gap,-0.042379697476738226,-0.001758237278935679
C,0.5,оба,тренд,300,47.333333333333336,44.61538461538462,48.66666666666667,-0.05479794684460153,-0.12049992692955759,-0.046508302032551976,-0.1341489586355974,-0.15206341076249233,-0.08815059072844159,-0.009515574184600742,-0.0622699520237127,far|0.5atr,-0.07905650983442336,-0.05479794684460153
C,0.5,оба,EMA200,236,49.152542372881356,44.761904761904766,52.54237288135594,-0.0028140776220290757,-0.08148650934013602,-0.0037545794582193445,-0.10822434523002679,-0.13041398559188944,-0.007357621088854789,-0.0009004025893026507,-0.030741495747280204,far|0.5atr,-0.034745306683826686,-0.0028140776220290757
C,0.5,оба,свежий≤24ч,259,48.64864864864865,42.1875,49.42084942084942,-0.02871555739412427,-0.07936793590450768,0.012823988039572784,-0.0946793311528941,-0.11956799892120705,-0.0975847221022097,0.02968703635668809,-0.002201108114150674,far|0.5atr,-0.08308607101400767,-0.02871555739412427
C,0.5,оба,не выходные,274,48.54014598540146,44.881889763779526,50.0,-0.029504278926929042,-0.07670518972929334,-0.002930902482941454,-0.17726542406419468,-0.1950539036687061,-0.11925674943076411,-0.019263060038605555,-0.03818262808922516,far|gap,-0.04999222807213267,-0.002930902482941454
C,0.5,оба,заход<50%,219,52.96803652968036,50.0,54.794520547945204,-0.0516159190604102,-0.03659963495055631,0.01248584468807904,-0.0660090025114304,-0.026514664339521276,-0.07981303254525887,-0.04163205816178237,0.02892938112308281,far|gap,-0.05734532356598511,0.01248584468807904
C,0.5,оба,объём≥1.5x,252,50.0,48.30508474576271,52.38095238095239,-0.05100812884112411,-0.07553879900117137,-0.003437777023956395,-0.16374836385975483,-0.21571158556230946,-0.13769516467249532,-0.04045494106201233,-0.029789195132552116,far|gap,-0.05740995454707865,-0.003437777023956395
C,0.5,оба,сессия Asia,106,43.39622641509434,36.17021276595745,44.339622641509436,-0.07584845666340614,-0.18145729464961394,-0.10582367297383474,-0.14579756890723924,-0.14885594796905477,-0.22866043683330878,-0.18113950452112154,-0.06648365070906812,far|0.5atr,-0.1150149025974431,-0.07584845666340614
C,0.5,оба,сессия NY,122,50.81967213114754,48.148148148148145,54.91803278688525,-0.05786299473599142,-0.04277200452876188,0.045763413307585356,-0.23876714788355338,-0.22422278501444096,0.012071312716109135,0.08627264321017443,-0.005162885143886931,far|gap,-0.06441421249093102,0.045763413307585356
C,0.5,bull,—,169,51.4792899408284,46.51162790697674,48.5207100591716,-0.08242268413682607,-0.03146032116388192,-0.0002058040530972407,-0.21056904855913056,-0.029188998209216475,0.14161305433162516,0.056336892611547326,0.054431489741140336,ext-0.25atr|1atr,-0.0565640356010199,0.054431489741140336
C,0.5,bull,тренд,149,51.67785234899329,43.24324324324324,46.97986577181208,-0.09856022829237704,-0.04819343010789407,-0.030978833342181752,-0.1821180051480555,0.02402969539266693,0.19645718218550803,0.07427582279097827,0.06891084581946974,ext-0.25atr|1atr,-0.10701635382808318,0.06891084581946974
C,0.5,bull,EMA200,122,54.91803278688525,46.666666666666664,53.278688524590166,-0.00576101666090679,0.01580953314299399,0.05352619905202943,-0.10549742262722492,0.0527858763102613,0.2744283027556087,0.1463963474041498,0.11238942729453257,ext-0.25atr|1atr,-0.02465196171033951,0.11238942729453257
C,0.5,bull,свежий≤24ч,129,49.6124031007752,33.33333333333333,47.286821705426355,-0.10111352703435604,-0.0824622097432843,-0.04091313566468111,-0.18482725396069502,-0.023022293933125337,0.1026156725038601,0.042637881127227245,0.004055881904536826,far|0.5atr,-0.25033412134911315,-0.10111352703435604
C,0.5,bull,не выходные,135,51.11111111111111,47.540983606557376,48.148148148148145,-0.08807544323793866,-0.044552026992626,-0.02968464964656132,-0.26404237623721877,-0.08146000174379105,0.07158287629018029,0.004508066228813649,0.03333955204025905,ext-0.25atr|1atr,-0.05628716915106024,0.03333955204025905
C,0.5,bull,заход<50%,99,53.535353535353536,48.0,50.505050505050505,-0.10175971367064264,-0.05347484692059331,-0.018634955957240476,-0.17832022443967396,-0.000545482716898785,0.11670723536855772,0.037360173164902054,0.07388480994736847,ext-0.25atr|1atr,-0.10416960478784155,0.07388480994736847
C,0.5,bull,объём≥1.5x,116,53.44827586206896,50.0,50.86206896551724,-0.06852510925506314,-0.020185767576661805,-0.004621476752932888,-0.2267439413630467,-0.07334212968912283,0.16513758962614664,0.07460441250728124,0.0784302931658198,ext-0.25atr|1atr,-0.0017062433641077813,0.0784302931658198
C,0.5,bear,—,174,45.40229885057471,40.816326530612244,50.57471264367817,0.001941388221638378,-0.13419900462026393,-0.003266060354606351,-0.09903334442225052,-0.3089026392808571,-0.35986629220363314,-0.07927471706231438,-0.10911558831887216,far|0.5atr,-0.06159195969339958,0.001941388221638378
C,0.5,bear,тренд,151,43.04635761589404,34.21052631578947,50.331125827814574,-0.011615298263683951,-0.19184872180656334,-0.06183208239589741,-0.08714573185157812,-0.324611018136004,-0.36898872426604745,-0.09219715133268862,-0.1917132558557272,far|0.5atr,-0.08537184296264175,-0.011615298263683951
C,0.5,bear,EMA200,114,42.98245614035088,40.0,51.75438596491229,0.0003396641564189867,-0.18561034427822248,-0.06505506172357324,-0.11114604801874309,-0.32669955191562244,-0.308917995729421,-0.15853376661738336,-0.18391669409027286,far|0.5atr,-0.024928648464588973,0.0003396641564189867
C,0.5,bear,свежий≤24ч,130,47.69230769230769,44.06779661016949,51.53846153846153,0.04312550478733646,-0.07629746417218322,0.06614774925379396,-0.004531408345093193,-0.21611370390928877,-0.29624511367284817,0.016835813468999275,-0.008409967440386745,far|gap,0.03757978660278267,0.06614774925379396
C,0.5,bear,не выходные,139,46.043165467625904,42.42424242424242,51.798561151079134,0.02738138425282851,-0.10793308159584077,0.023052952675969948,-0.09304073519037714,-0.3053068084781825,-0.30460458736117774,-0.04235012511847314,-0.1076466159847674,far|0.5atr,0.002820168424513547,0.02738138425282851
C,0.5,bear,заход<50%,120,52.5,44.44444444444444,58.333333333333336,-0.010247288506968455,-0.022677585075275803,0.03816050522046765,0.026647755579370543,-0.0479392391781848,-0.2419422535741577,-0.10680064900629702,-0.008158847656952928,ce|0.5atr,-0.06475674544318491,0.026647755579370543
C,0.5,bear,объём≥1.5x,136,47.05882352941176,38.23529411764706,53.67647058823529,-0.036067174958646676,-0.122751678745606,-0.002428150784535278,-0.11062522760697889,-0.3357694102911908,-0.39599369039780763,-0.13859380145935093,-0.12209405279881054,far|0.5atr,-0.11722951579625654,-0.036067174958646676
C,0.5,bear,сессия NY,70,48.57142857142857,47.05882352941176,55.714285714285715,-0.08404946396898028,-0.10321340137713636,0.0352411105102479,-0.17806494414292798,-0.25800874710476546,-0.215943024357244,0.026636462266210623,-0.07168767633597342,far|gap,-0.1253706074684339,0.0352411105102479
C,0.75,оба,—,217,57.6036866359447,51.578947368421055,60.82949308755761,0.004188788627527311,0.03122402756802399,0.07747837327704986,-0.07150736054009602,-0.0064390356145935124,0.07346301550421026,0.120920361760097,0.09549603405154265,far|gap,-0.06993849309158133,0.07747837327704986
C,0.75,оба,тренд,193,55.95854922279793,50.588235294117645,60.62176165803109,-0.00216196597311682,-0.021138449496196424,0.026367001419544206,-0.04470230924492442,-0.004463005806729246,0.07425340099285724,0.12487744190547403,0.04184590207638813,far|0.5atr,-0.10065089298175539,-0.00216196597311682
C,0.75,оба,EMA200,153,58.16993464052288,53.333333333333336,64.05228758169935,0.052109216826678656,0.029102126203671603,0.09179835487963804,0.013385827210425458,0.04386086685871939,0.1761382682685921,0.18971996695440918,0.054782079158904734,far|gap,-0.018683611501062677,0.09179835487963804
C,0.75,оба,свежий≤24ч,159,59.11949685534591,50.0,61.63522012578616,0.009470128721061951,0.056973988359976316,0.09185953560561207,-0.032144206849037515,0.07762342534873397,0.12095061270558796,0.15249234586798657,0.16147896177566776,ext-0.25atr|1atr,-0.04720059097704599,0.16147896177566776
C,0.75,оба,не выходные,180,57.22222222222222,51.19047619047619,60.0,0.007324290368420705,0.03338929815306722,0.05654862728806024,-0.11319807882650951,-0.038739651516093924,0.0740585294412098,0.08438665961932401,0.07930081825351186,far|gap,-0.08337832716762154,0.05654862728806024
C,0.75,оба,заход<50%,152,59.86842105263158,55.38461538461539,63.81578947368421,-0.017219880203282457,0.030081701111138587,0.06587548666122642,0.05795338597863696,0.10036029479174577,0.024404843616206737,0.11337699177228806,0.13130207148605044,ce|0.5atr,-0.03783436907182647,0.05795338597863696
C,0.75,оба,объём≥1.5x,188,55.85106382978723,52.32558139534884,60.1063829787234,-0.007013878175729404,-0.010015466540970746,0.043833228502246684,-0.11168825455080027,-0.11248695151438243,-0.01902195481388429,0.03861884444856051,0.018459021513179127,far|gap,-0.05579258487988878,0.043833228502246684
C,0.75,оба,сессия Asia,67,53.73134328358209,40.625,52.23880597014925,-0.04826308935170901,-0.03568546931071034,-0.04827516443573676,-0.04108281893800306,0.13363026294065505,0.005496819705966266,-0.0105771906491427,0.13939170514989546,far|0.5atr,-0.12150711927416968,-0.04826308935170901
C,0.75,оба,сессия NY,81,59.25925925925925,52.17391304347826,66.66666666666666,-0.013662369138719866,0.06795912357962992,0.12360320683160675,-0.17660138535449718,-0.09420638180389149,0.15296151329840646,0.1501438667487226,0.09496390914849526,far|gap,0.07675078717824849,0.12360320683160675
C,0.75,bull,—,113,60.17699115044248,51.515151515151516,57.52212389380531,-0.01090074486124228,0.0707003133727902,0.09615302863578071,-0.12486551606458579,0.07509479461229379,0.3313999569004412,0.21991255961213327,0.22744816265595735,ext-0.25atr|1atr,-0.0025878076096415496,0.22744816265595735
C,0.75,bull,тренд,102,59.80392156862745,48.275862068965516,56.86274509803921,-0.009856312639598587,0.03747456784533863,0.06611975692831741,-0.048374586041601005,0.15973192712720122,0.39753042176116216,0.24950617104234946,0.2211299191360909,ext|1atr,-0.08338263481224707,0.39753042176116216
C,0.75,bull,EMA200,82,64.63414634146342,50.0,63.41463414634146,0.09436360418429675,0.13788381360188243,0.1773709793693151,0.06263204862761691,0.26228987980293234,0.5314318651730693,0.3730616658073661,0.2861056553982562,far|0.5atr,-0.04997806153506836,0.09436360418429675
C,0.75,bull,свежий≤24ч,86,59.30232558139535,37.5,56.97674418604651,-0.024138508748388184,0.04102136572189997,0.06588332360704538,-0.08634099072254726,0.1293226250869468,0.3619407561218541,0.24846667574818507,0.21961923821086596,ext|2R,-0.1637931976485806,0.24846667574818507
C,0.75,bull,не выходные,96,60.416666666666664,51.162790697674424,56.25,-0.007521579823550346,0.07804855648518298,0.0745001120486365,-0.16899312728423718,0.06172810540268131,0.2922492465606233,0.1829522285023025,0.2377591648815208,ext|1atr,0.03323402418140847,0.2922492465606233
C,0.75,bull,заход<50%,71,60.56338028169014,50.0,57.74647887323944,-0.05189433011110679,0.021270037650287434,0.04832360754464066,-0.02476288463788764,0.16460027918876755,0.27352168378649405,0.20109972064261428,0.25963741211417674,ext-0.25atr|1atr,-0.016815224844076788,0.25963741211417674
C,0.75,bull,объём≥1.5x,93,58.06451612903226,51.21951219512195,55.91397849462365,-0.008957897703362472,0.019936520449129688,0.046453287889593624,-0.16922514148118756,-0.04264151457194298,0.25327493733239104,0.15085507785341543,0.140362700635269,ext-0.25atr|1atr,-0.041664279608301734,0.140362700635269
C,0.75,bear,—,104,54.807692307692314,50.0,64.42307692307693,0.020584147129748098,-0.011668475277539371,0.05718764197381344,-0.013441132469327653,-0.09516702733208852,-0.20679539197438676,0.013361531401634494,-0.04787502875902336,far|0.5atr,-0.029763011599672626,0.020584147129748098
C,0.75,bear,тренд,91,51.64835164835166,40.909090909090914,64.83516483516483,0.006462466554148483,-0.0868365568460489,-0.018191032227652087,-0.040622001693061564,-0.18690182017776316,-0.28810106184634177,-0.014816298445749047,-0.15910980935316885,far|0.5atr,-0.025378043140326656,0.006462466554148483
C,0.75,bear,EMA200,71,50.70422535211267,41.66666666666667,64.7887323943662,0.0033083750897112936,-0.09653306205905077,-0.007032000164777662,-0.04359908614375327,-0.20889270526244125,-0.23420081548024074,-0.02202678383351284,-0.21238036100485336,far|0.5atr,-0.007940806805157281,0.0033083750897112936
C,0.75,bear,свежий≤24ч,73,58.9041095890411,55.88235294117647,67.12328767123287,0.049063866013838865,0.0757674890020937,0.12246164837104678,0.03273926680234736,0.01573001721143691,-0.16295558364782137,0.039426696968026594,0.09298493748214656,far|0.5atr,0.03534102052296749,0.049063866013838865
C,0.75,bear,не выходные,84,53.57142857142857,47.368421052631575,64.28571428571429,0.024290999159244778,-0.017649854226493615,0.03603264470454445,-0.04923790132618754,-0.15391000700834834,-0.1753022901238342,-0.028259704818365664,-0.10179443503564119,far|0.5atr,-0.028733200782782742,0.024290999159244778
C,0.75,bear,заход<50%,81,59.25925925925925,47.61904761904761,69.1358024691358,0.013173773419625263,0.037805504885464886,0.08126046712144354,0.1304577713338623,0.04405117266596126,-0.1939568311009586,0.03648422942916261,0.01881060007127309,ce|0.5atr,0.10765742299087253,0.1304577713338623
C,0.75,bear,объём≥1.5x,95,53.68421052631579,43.47826086956522,64.21052631578948,-0.005110785374993886,-0.039336885383911176,0.041268328259896535,-0.055388720027518136,-0.18083033604945767,-0.28558628080971177,-0.0712545208846133,-0.10087826436423515,far|0.5atr,-0.042332099958477455,-0.005110785374993886
C,1.0,оба,—,131,62.59541984732825,57.971014492753625,62.59541984732825,0.06413878520574696,0.04882774689134764,0.0935009309775266,0.0009961818072933204,0.06902730909346243,0.12498135042112883,0.1283726812980692,0.19528384710521537,far|gap,-0.009235608504260176,0.0935009309775266
C,1.0,оба,тренд,118,61.86440677966102,58.06451612903226,63.559322033898304,0.0715888489346081,0.01643917703803175,0.04750108050717204,0.034540923635018574,0.08938798660032775,0.1453787023121944,0.14336804797855351,0.17065162398004383,ext-0.25atr|1atr,0.003030648615954905,0.17065162398004383
C,1.0,оба,EMA200,94,62.76595744680851,59.09090909090909,65.95744680851064,0.12778343196611605,0.04202391476242836,0.0764287908473693,0.0856078757858754,0.09340216739271505,0.1968179250251937,0.18886011339382322,0.12268925151288362,far|0.5atr,0.11169156482161818,0.12778343196611605
C,1.0,оба,свежий≤24ч,96,64.58333333333334,50.0,64.58333333333334,0.05973166355993089,0.08577729750207808,0.10781742493222653,-0.0017126332410305539,0.15475666311531425,0.17160624812474154,0.13876081128362922,0.25718597789069625,ext-0.25atr|1atr,0.025426162392386,0.25718597789069625
C,1.0,оба,не выходные,112,60.71428571428571,56.666666666666664,60.71428571428571,0.04820088834514972,0.0258851273192513,0.05403521274401483,-0.06767236117782842,-0.0052701516356932045,0.09755645386311437,0.022399973058839655,0.13308275672048647,far|gap,-0.05203965895332815,0.05403521274401483
C,1.0,оба,заход<50%,93,65.59139784946237,64.0,67.74193548387096,0.0319631928832198,0.05847662474931154,0.0959722137413585,0.122536437344415,0.2117982566810431,0.11134497324844987,0.1769039696409566,0.27932985587424414,ce|0.5atr,0.07207741724384613,0.122536437344415
C,1.0,оба,объём≥1.5x,119,60.50420168067227,56.92307692307692,61.34453781512605,0.04445220307491863,0.005781281706327795,0.0387494766889885,-0.016896879935332176,0.004939254779386091,0.057406127040648285,0.07551999052043647,0.11813359970826393,far|gap,-0.03232210826445544,0.0387494766889885
C,1.0,bull,—,75,62.66666666666667,57.14285714285714,57.333333333333336,0.03378680541677121,0.03881596011413491,0.06234381467125114,-0.10900222708802511,0.12118939594569979,0.3891783098465036,0.2343124639422336,0.30861495835792435,ext|1atr,0.24127620363779867,0.3891783098465036
C,1.0,bull,тренд,71,63.38028169014085,55.55555555555556,57.74647887323944,0.05219506249692229,0.04319427791601822,0.05614984829690389,-0.0509147493399503,0.18118816034000126,0.42791459565491285,0.2700735088499504,0.3171639383247832,ext|1atr,0.1487210356837694,0.42791459565491285
C,1.0,bull,не выходные,66,62.121212121212125,56.25,56.060606060606055,0.037297216139700926,0.03169510692904749,0.036813323395890135,-0.15148157711529703,0.07443362407158469,0.302267187733363,0.1422632859859837,0.28273361832116467,ext|1atr,0.13152654652955068,0.302267187733363
C,1.0,bull,объём≥1.5x,66,59.09090909090909,53.125,54.54545454545454,0.008677367648649108,-0.035100247945392654,-0.0334623853147981,-0.15230845092600315,0.037737888500486275,0.3421721192444295,0.18941669395816935,0.19965862610523524,ext|1atr,0.13872658004311886,0.3421721192444295
CH,0.5,оба,—,548,53.83211678832117,53.21100917431193,56.75182481751825,-0.005490889062037848,-0.06392212158484338,-0.024551040801903748,-0.03709110176764137,-0.04488371471720131,0.009292653872047307,0.014754168072931749,-0.026501359940830395,far|0.5atr,-0.014666746826581693,-0.005490889062037848
CH,0.5,оба,тренд,477,54.29769392033543,52.406417112299465,56.18448637316562,-0.01003721974575498,-0.06885442030473843,-0.045236651349653295,-0.038249206390429065,-0.05217039466870459,0.003007475713788547,0.008038765304130247,-0.02771492007313734,far|0.5atr,-0.037506528890577547,-0.01003721974575498
CH,0.5,оба,EMA200,388,54.63917525773196,50.993377483443716,58.50515463917526,0.011183311062737426,-0.06385835264734831,-0.024849688123170822,-0.014992165572651765,-0.054897123087735436,0.049751303445449695,0.04251822279178088,0.0022516979390866535,far|0.5atr,-0.026001806163716598,0.011183311062737426
CH,0.5,оба,свежий≤24ч,397,54.40806045340051,51.9607843137255,56.42317380352645,0.005695960438041708,-0.04839043313836073,0.00689533784368708,-0.007157524996406305,-0.025705682898156338,0.08018027309607205,0.05171216055311503,0.012955903536073708,ext|1atr,-0.0077973097503740265,0.08018027309607205
CH,0.5,оба,не выходные,440,53.40909090909091,52.75590551181102,55.45454545454545,-0.01350114448498838,-0.06924282583762836,-0.05121102294188513,-0.06870122498409684,-0.07029671057467442,-0.049153110627629136,-0.037249197539774785,-0.05621599259033409,far|0.5atr,-0.025235052803023943,-0.01350114448498838
CH,0.5,оба,заход<50%,415,56.62650602409639,56.09756097560976,60.48192771084337,-0.010606984926927248,-0.03773437942943198,-0.021417008466338833,-0.04448317438291119,-0.013256486800142693,0.07275428592322948,0.05127881431652649,0.00042688702763914546,ext|1atr,0.01660101290342319,0.07275428592322948
CH,0.5,оба,объём≥1.5x,401,55.61097256857855,53.278688524590166,58.35411471321695,-0.018938066501728513,-0.049281172969415685,-0.04887010734316332,-0.05243812214513591,-0.03399464599440252,0.03443731212668406,0.04358935918612796,-0.007183139808531117,ext|1atr,0.0069580969910704015,0.03443731212668406
CH,0.5,оба,сессия Asia,169,49.70414201183432,43.66197183098591,53.84615384615385,-0.035236738004084805,-0.1049340278688232,-0.07102876872600326,-0.08895778327651453,-0.12485777616954442,-0.09626609527899982,-0.08584864721250053,-0.07725748968537988,far|0.5atr,-0.05091550930260704,-0.035236738004084805
CH,0.5,оба,сессия NY,188,59.04255319148937,55.769230769230774,63.297872340425535,0.02003889738524897,0.014786452929772511,0.019151956676153877,0.017960274776739442,0.054675082415496234,0.09074882113510482,0.057949026257149885,0.06048822583124777,ext-0.25atr|1atr,-0.014622213750385676,0.06048822583124777
CH,0.5,bull,—,280,57.49999999999999,51.89873417721519,58.214285714285715,-0.012584760768283,-0.014866427882264022,0.0026656273575018843,-0.035948155278550636,0.056825195829687265,0.02063822463433496,-0.046620243819484125,0.036565617970767225,ce|1atr,0.0009889830801223527,0.056825195829687265
CH,0.5,bull,тренд,245,58.36734693877551,50.72463768115942,57.55102040816327,-0.01006165755785742,-0.018074596521862378,-0.008274825676522846,-0.028850825050430344,0.057272829763687146,0.04766138867280153,-0.013248063386707594,0.05269172727276786,far|0.5atr,-0.06319186557472019,-0.01006165755785742
CH,0.5,bull,EMA200,205,60.0,52.0,60.48780487804878,0.04556711885305012,0.010578156713873013,0.0362816395974996,0.02070963601191449,0.046746016334476226,0.09360714120770358,0.05357577777762767,0.08662394464074344,ext-0.25atr|1atr,0.007274528783033105,0.08662394464074344
CH,0.5,bull,свежий≤24ч,203,59.60591133004927,54.0,60.09852216748769,0.002172936103879238,0.01936644606186974,0.03473148178346742,0.02421087724236609,0.10929129003095414,0.12969792119059464,0.027079139194475372,0.09539691457145298,ext|1atr,0.040522597564804384,0.12969792119059464
CH,0.5,bull,не выходные,230,56.95652173913044,50.0,57.391304347826086,-0.023332274383226295,-0.024403412988575433,-0.03001084774467014,-0.06255311946051854,0.026721800706042687,-0.024566928234352952,-0.09386224146678686,0.004165464132116366,ce|1atr,-0.01907096770703688,0.026721800706042687
CH,0.5,bull,заход<50%,204,59.31372549019608,51.78571428571429,60.78431372549019,-0.02169692950989128,-0.01772445997363742,-0.013888801876848239,-0.07971421460212272,0.024283410598691393,0.03814582640635052,-0.057556866268054736,0.047349395434146326,far|0.5atr,-0.04334008252940782,-0.02169692950989128
CH,0.5,bull,объём≥1.5x,199,58.291457286432156,47.45762711864407,58.79396984924623,-0.04077910178263027,-0.02006902019290116,-0.039824454428751606,-0.07784801741412505,0.07309115476042297,0.0700952059975775,0.00938456006848301,0.05650263883759195,ce|1atr,-0.04315855094988935,0.07309115476042297
CH,0.5,bull,сессия Asia,87,57.47126436781609,54.54545454545454,58.620689655172406,-0.02773208909280013,0.017148375057130773,-0.01712079092987288,-0.12486489068148847,0.03075906662977126,0.012700565651022325,-0.1448747082067633,0.09700721758871422,far|1atr,-0.008562225074125383,0.017148375057130773
CH,0.5,bull,сессия NY,90,61.111111111111114,58.620689655172406,67.77777777777779,0.04368609022424693,0.03556915031418706,0.040019366937358004,0.1280894863895614,0.21434405168533882,0.0970913856166091,0.07665556025379412,0.08983269179391841,ce|1atr,0.1304231183962009,0.21434405168533882
CH,0.5,bear,—,268,50.0,44.927536231884055,55.223880597014926,0.0019206186907556135,-0.11517433888604568,-0.05298636574456635,-0.03828541663826429,-0.15116381225496126,-0.0025609275213875305,0.07887668796053043,-0.09239223238578315,ext|2R,-0.004561876081997302,0.07887668796053043
CH,0.5,bear,тренд,232,50.0,44.44444444444444,54.741379310344826,-0.010011412573491633,-0.12247966524786187,-0.08426961380619191,-0.04817650096601213,-0.1677727616016205,-0.044148596161031214,0.030518390430230535,-0.11262711231342516,far|0.5atr,-0.01912619621752134,-0.010011412573491633
CH,0.5,bear,EMA200,183,48.63387978142077,46.06741573033708,56.284153005464475,-0.02733406924881504,-0.14724351340718642,-0.09333013720916775,-0.055009569546561214,-0.168826795846698,0.0006231791762581864,0.03013134425572293,-0.0922636603879059,ext|2R,-0.024265970207328468,0.03013134425572293
CH,0.5,bear,свежий≤24ч,194,48.96907216494845,48.07692307692308,52.57731958762887,0.00938242404543853,-0.11929067271385962,-0.022232173598454186,-0.0399887024691111,-0.16699785145608542,0.028365414522937574,0.07748795094385659,-0.07330969048548294,far|0.5atr,-0.03595614567015351,0.00938242404543853
CH,0.5,bear,не выходные,210,49.523809523809526,42.0,53.333333333333336,-0.002733716501203986,-0.1183526589580197,-0.0744302624435968,-0.07546708273731696,-0.17706349332378898,-0.07608083420121736,0.024755564856476557,-0.12234806423873221,ext|2R,-0.02591740846434125,0.024755564856476557
CH,0.5,bear,заход<50%,211,54.02843601895735,50.0,60.18957345971564,0.00011504680257352071,-0.05708046269474991,-0.02869546412632026,-0.01042093644585363,-0.04955098475920503,0.10621459749405086,0.15650383251204586,-0.04493895048386545,ext|2R,0.021034439724665,0.15650383251204586
CH,0.5,bear,объём≥1.5x,202,52.97029702970298,41.86046511627907,57.920792079207914,0.002578596968070733,-0.07805948189281367,-0.05778141887765804,-0.027531393119097077,-0.13895993584319186,-0.0006910090629584798,0.07728616623766932,-0.06992309005891971,ext|2R,0.025383673965747557,0.07728616623766932
CH,0.5,bear,сессия Asia,82,41.46341463414634,35.0,48.78048780487805,-0.04319898745874051,-0.23446047975367673,-0.12822381833897084,-0.05039089013783885,-0.29200179250955016,-0.21187706480231597,-0.023223436157611993,-0.26214809374447967,ce|0.5atr,-0.08021850166492535,-0.05039089013783885
CH,0.5,bear,сессия NY,98,57.14285714285714,52.17391304347826,59.183673469387756,-0.0016779123648511972,-0.0042996977293837104,-1.1991522911136472e-05,-0.08317879711258687,-0.09195968528129794,0.08492401701943764,0.04076955626023173,0.03353922647777476,ext|1atr,-0.014944553755207196,0.08492401701943764
CH,0.75,оба,—,329,60.182370820668694,55.10204081632652,65.34954407294833,0.010989721145497061,-0.014434630700200707,-0.019338894208422226,-0.0063012981356243,0.03428953957048646,0.07540346983299585,0.07858571701778977,0.02678888688224297,far|0.5atr,-0.04763025326869412,0.010989721145497061
CH,0.75,оба,тренд,296,59.797297297297305,54.54545454545454,65.2027027027027,0.006591472257173056,-0.03454137749681386,-0.04254040278934369,-0.019367426684416066,0.007186729520592102,0.06091476780235675,0.06830130945592437,0.01704805655183358,far|0.5atr,-0.04833365842800236,0.006591472257173056
CH,0.75,оба,EMA200,239,61.50627615062761,55.88235294117647,67.78242677824268,0.03702289225089868,-0.0038756495041659127,-0.0020118156194762716,0.023547753796133167,0.033448249905406784,0.1622562267313199,0.15028451417871702,0.07597052675587407,far|0.5atr,-0.02543980758096386,0.03702289225089868
CH,0.75,оба,свежий≤24ч,237,63.29113924050633,54.83870967741935,67.08860759493672,0.013904101449965428,0.03737720590304204,0.022545128282481678,0.026393738270534633,0.10925807273237564,0.2117779250505004,0.17009989294114955,0.11591198110782071,ext|1atr,0.023716496734156715,0.2117779250505004
CH,0.75,оба,не выходные,266,57.89473684210527,51.80722891566265,62.40601503759399,-0.018186632244497895,-0.052516608275523326,-0.07227730194407722,-0.07001529684774967,-0.02285471932650169,-0.018858734567870263,-0.03508403327484126,-0.04105914290172273,far|0.5atr,-0.06749055772964313,-0.018186632244497895
CH,0.75,оба,заход<50%,266,61.65413533834586,56.41025641025641,67.29323308270678,-0.0005551310550547363,-0.009849189601725941,-0.022163611383682922,-0.017367050847349044,0.017634706565851397,0.09936075453060667,0.09521385075472527,0.03916981582708814,far|0.5atr,-0.052609087467698414,-0.0005551310550547363
CH,0.75,оба,объём≥1.5x,282,58.156028368794324,55.172413793103445,63.12056737588653,-0.013678007618324179,-0.060431136971212725,-0.05679441704532945,-0.03638759788867528,-0.02833919397698379,0.013629261642255459,0.027136539178514944,-0.027748308196958043,far|0.5atr,-0.05679600836187404,-0.013678007618324179
CH,0.75,оба,сессия Asia,104,53.84615384615385,48.0,60.57692307692307,-0.015491992434760626,-0.095618443985797,-0.09821171774423049,-0.051305424317314434,-0.08134827352194796,-0.03542849676983728,-0.05213847657640043,-0.01955022937378616,ce|0.5atr,-0.0729395809442569,-0.051305424317314434
CH,0.75,оба,сессия NY,116,65.51724137931035,54.054054054054056,71.55172413793103,0.011635146765190297,0.06364649277104256,0.029410964177479283,0.013567491606340621,0.15149152461666138,0.060346735979459845,0.023588661465045898,0.06287957795117184,ce|1atr,-0.0231838064651005,0.15149152461666138
CH,0.75,bull,—,180,63.888888888888886,50.0,65.55555555555556,0.01335106350281135,0.03772000216381504,0.032745845896859666,-0.009465666035117873,0.149924273740918,0.11997383813894577,0.055709542758402446,0.1285678299798183,ext-0.25atr|1atr,-0.05633639620588719,0.1285678299798183
CH,0.75,bull,тренд,163,63.80368098159509,47.82608695652174,65.03067484662577,0.01689698958873661,0.020914203754749547,0.01543467053657725,-0.0027732100127890323,0.1412124130926223,0.16491896454437974,0.10273926664988886,0.1395021429753245,ce|1atr,-0.10441351138393794,0.1412124130926223
CH,0.75,bull,EMA200,134,67.16417910447761,51.515151515151516,67.91044776119402,0.07740093418403877,0.07920855884847679,0.0766327883960288,0.045496003805194175,0.1529762183325847,0.24837472308975075,0.20860961377374898,0.19901477287887628,ext-0.25atr|1atr,-0.022477508027708162,0.19901477287887628
CH,0.75,bull,свежий≤24ч,129,68.21705426356588,50.0,68.9922480620155,0.019731799189688374,0.0964380282499945,0.08072527282005228,0.04379529903630672,0.23205811656828687,0.2918873562762014,0.16869732998836862,0.2182284770735684,ext|1atr,-0.008693046478668025,0.2918873562762014
CH,0.75,bull,не выходные,151,61.58940397350994,47.82608695652174,62.913907284768214,-0.02036582347194951,-0.00297983297670025,-0.024818398711080783,-0.07027984438081247,0.08696545599733298,0.037181586170327914,-0.02181311352218542,0.058059170789241984,ce|1atr,-0.12051392464455112,0.08696545599733298
CH,0.75,bull,заход<50%,139,65.46762589928058,48.64864864864865,67.62589928057554,0.005843097743634444,0.0338679803871424,0.021240695174774164,-0.034268365893010834,0.1092608480032994,0.1376650404005882,0.04646988164735284,0.15057988089976068,ext-0.25atr|1atr,-0.06886721097239934,0.15057988089976068
CH,0.75,bull,объём≥1.5x,150,60.66666666666667,50.0,62.0,-0.016696710937278095,-0.029604241552660514,-0.025183530631903334,-0.036899892548018745,0.09474619984570175,0.06897441966798223,0.02207125650677521,0.07030996167624493,ext-0.25atr|1atr,-0.07530567776776514,0.07030996167624493
CH,0.75,bull,сессия NY,62,67.74193548387096,59.09090909090909,72.58064516129032,0.027986919204942635,0.10053139374334251,0.032675349973584865,0.098402503001915,0.3520031606080737,0.13417955675769924,0.1162442124054411,0.14623957808332375,ce|1atr,0.15185190897887327,0.3520031606080737
CH,0.75,bear,—,149,55.70469798657718,50.0,65.1006711409396,0.008137092794379137,-0.07744022744867612,-0.08226005675171578,-0.0024998091825413995,-0.10462735584231378,0.021560071879499328,0.10622136377409658,-0.09616554102086818,ce|0.5atr,-0.016233630200792132,-0.0024998091825413995
CH,0.75,bear,тренд,133,54.88721804511278,46.666666666666664,65.41353383458647,-0.006038597855946204,-0.10250573647429385,-0.11359256032411898,-0.03957993120173623,-0.15606259934158007,-0.06654902218974659,0.026095391992644632,-0.13302725237319668,far|0.5atr,-0.036774580809854525,-0.006038597855946204
CH,0.75,bear,EMA200,105,54.285714285714285,50.0,67.61904761904762,-0.01450718031139442,-0.10990692492563373,-0.10237731026783517,-0.00425336288201081,-0.1179538434356853,0.05235262185484625,0.07585057755267621,-0.08105736829633829,far|0.5atr,-0.02867507565100279,-0.01450718031139442
CH,0.75,bear,свежий≤24ч,108,57.407407407407405,55.172413793103445,64.81481481481481,0.006943240260851909,-0.03316766523359562,-0.04694782213739431,0.005769666251841778,-0.03628271996203775,0.11609165997535753,0.1717751764680824,-0.006299389073489058,ce|0.5atr,-0.01036063016908188,0.005769666251841778
CH,0.75,bear,не выходные,115,53.04347826086957,43.47826086956522,61.73913043478261,-0.01532525941540929,-0.11756054801571707,-0.13459290531957693,-0.06966793443477157,-0.16705338431692815,-0.09244211223280877,-0.052509327906589354,-0.17120579826985902,far|0.5atr,-0.04701419064669483,-0.01532525941540929
CH,0.75,bear,заход<50%,127,57.48031496062992,54.385964912280706,66.92913385826772,-0.00755791690558857,-0.05769711581001492,-0.06966911226262418,0.0011312388482965566,-0.08264902303891455,0.057437166058737076,0.14856354922657392,-0.0827671845280416,far|0.5atr,-0.10058190761039489,-0.00755791690558857
CH,0.75,bear,объём≥1.5x,132,55.3030303030303,42.857142857142854,64.39393939393939,-0.010247662937694716,-0.09546169994684023,-0.09271587887876821,-0.03580932588684059,-0.16727649457986374,-0.04926296338697949,0.03289254221458287,-0.13917816032559782,far|0.5atr,-0.021549964544703194,-0.010247662937694716
CH,1.0,оба,—,203,61.57635467980296,57.14285714285714,65.51724137931035,-0.01750791598205587,-0.04608723779545712,-0.0344394503828375,-0.01168548890285288,0.02526914274824978,0.04904343348610795,0.047540082121607895,0.011429447380986082,ce|0.5atr,-0.04636676166174536,-0.01168548890285288
CH,1.0,оба,тренд,186,62.365591397849464,56.86274509803921,66.12903225806451,-0.015641430438241878,-0.04476814904129509,-0.0438037898928083,-0.023166512432375257,-0.003839411910706307,0.045865748635277793,0.04051914527136315,0.02774802688525405,ce|0.5atr,-0.07082600911179263,-0.023166512432375257
CH,1.0,оба,EMA200,151,64.23841059602648,60.0,67.54966887417218,0.02250652959792277,-0.012389669923706175,-0.0018747482505288649,0.016092303494196516,-0.004733332271950156,0.1476373809889888,0.1289899556676129,0.07044074254559143,ce|0.5atr,-0.013064239298612026,0.016092303494196516
CH,1.0,оба,свежий≤24ч,144,64.58333333333334,52.63157894736842,66.66666666666666,-0.011231145627905885,0.0025022421459706522,-0.006538776814065635,0.0027123070577555943,0.09530896253666908,0.1476566003365755,0.10770364511806818,0.08574869971055563,ext|1atr,0.010606192072032911,0.1476566003365755
CH,1.0,оба,не выходные,167,58.68263473053892,54.347826086956516,63.47305389221557,-0.037071040840893306,-0.08617787643351242,-0.08117833627005631,-0.04426364447770745,-0.009355563479442516,-0.005623890588250127,-0.06330395779521113,-0.04173244223153801,ce|0.5atr,-0.048992286073824415,-0.04426364447770745
CH,1.0,оба,заход<50%,163,65.03067484662577,58.139534883720934,69.93865030674846,-0.022782645424805573,-0.00863551169400014,-0.0027823966114781146,-0.02528430243476791,0.024858912762024413,0.0914895984029794,0.10613400713442843,0.06053231380183646,ext-0.25atr|1atr,-0.045606951880374856,0.06053231380183646
CH,1.0,оба,объём≥1.5x,186,60.215053763440864,56.86274509803921,64.51612903225806,-0.02688578106399257,-0.07599755060933222,-0.06588767051825807,-0.001044413743188916,0.008296195236874374,0.029557288295441006,0.037833513528064494,-0.016488354750103473,ce|0.5atr,-0.03983743527118463,-0.001044413743188916
CH,1.0,оба,сессия Asia,63,52.38095238095239,43.75,58.730158730158735,-0.024768156033896347,-0.17222672850523943,-0.13847057627401577,-0.003445011221118851,-0.14564689083795096,-0.1784239964391297,-0.11937526842368394,-0.07537503541213748,ce|0.5atr,-0.055578834425646574,-0.003445011221118851
CH,1.0,оба,сессия NY,67,68.65671641791045,57.14285714285714,73.13432835820896,-0.03288529107247665,0.03685529626187051,0.03188959525215279,-0.025265485694260913,0.17037298794792313,0.13032792952214653,0.08690482870197552,0.04134470727063021,ce|1atr,0.06638981109368981,0.17037298794792313
CH,1.0,bull,—,121,62.8099173553719,53.333333333333336,63.63636363636363,-0.023799038225561495,-0.026424131346912856,-0.018339914787322296,-0.07327128060379783,0.12027172290467142,0.08540514802101817,0.0036754673885589094,0.08907648267012232,ext-0.25atr|1atr,-0.05944177716682715,0.08907648267012232
CH,1.0,bull,тренд,115,63.47826086956522,51.724137931034484,63.47826086956522,-0.019061086799380716,-0.021155666635375766,-0.020368206586681783,-0.07853359316394617,0.0826384426661357,0.12134803026780071,0.03502397369898623,0.11172154613100936,ce|1atr,-0.07350427572056437,0.0826384426661357
CH,1.0,bull,EMA200,93,67.74193548387096,57.14285714285714,66.66666666666666,0.050797854336353934,0.046462546473383375,0.05017132102570814,-0.027875246619460774,0.08401042847038992,0.23581548415444736,0.1760737360715601,0.17375923901544132,ext-0.25atr|1atr,0.06540815697091283,0.17375923901544132
CH,1.0,bull,свежий≤24ч,88,67.04545454545455,52.38095238095239,65.9090909090909,-0.017867326667795936,0.02897020778153074,0.014847627445809546,-0.03584697100759551,0.19770539975864299,0.20839994588329602,0.05638915029175266,0.164787662764046,ce|1atr,-0.03279880171552815,0.19770539975864299
CH,1.0,bull,не выходные,102,60.78431372549019,53.84615384615385,62.745098039215684,-0.03820911517524669,-0.05543517751429692,-0.05531412924236588,-0.09046559709723678,0.09676695429040619,0.05882225091208846,-0.05980869853938524,0.056185523590183424,ext|1atr,-0.06381695193099071,0.05882225091208846
CH,1.0,bull,заход<50%,93,66.66666666666666,55.00000000000001,67.74193548387096,-0.015286134440176754,0.009752450197308925,0.022650263651582476,-0.0699296565765506,0.10641144504952887,0.1470621098333608,0.07409417180684279,0.16304944636341095,ce|1atr,-0.021776127175660694,0.10641144504952887
CH,1.0,bull,объём≥1.5x,107,60.747663551401864,52.17391304347826,61.6822429906542,-0.04373540687052751,-0.0711695921611179,-0.0641636748141374,-0.06130984456734255,0.11538765305050162,0.07514303167300523,0.006052844077321801,0.061649375828930465,ext-0.25atr|1atr,-0.07356153116810461,0.061649375828930465
CH,1.0,bear,—,82,59.756097560975604,53.333333333333336,68.29268292682927,-0.008224674622736563,-0.07510230950611389,-0.0581960821762197,0.07844005992779826,-0.11375902333431842,-0.004612267230040092,0.1122671355691558,-0.10314727542371493,far|0.5atr,-0.030052216536947576,-0.008224674622736563
CH,1.0,bear,тренд,71,60.56338028169014,53.84615384615385,70.4225352112676,-0.010102550416678993,-0.08301371913538975,-0.08176283327597093,0.06573274395352734,-0.1426911784143681,-0.07639428499486502,0.049419775282959606,-0.10826541978040603,ce|0.5atr,-0.023138997651306725,0.06573274395352734
CH,1.0,bear,не выходные,65,55.38461538461539,41.66666666666667,64.61538461538461,-0.03528513957775406,-0.13442026550674288,-0.12176524575966285,0.02823788117140014,-0.17588628367212822,-0.10675475878878149,-0.06878882616589167,-0.19538832705947015,far|0.5atr,-0.10003542825634604,-0.03528513957775406
CH,1.0,bear,заход<50%,70,62.857142857142854,60.86956521739131,72.85714285714285,-0.0327422957329553,-0.03306523249245359,-0.036571502389544326,0.03403023949645772,-0.083489451562803,0.017657547502615497,0.1487012169267922,-0.07566901945854114,far|1atr,-0.05463945242439608,-0.03306523249245359
CH,1.0,bear,объём≥1.5x,79,59.49367088607595,50.0,68.35443037974683,-0.004064135984255352,-0.08253668420374914,-0.06822270267447213,0.07981806305884001,-0.13539614056368882,-0.0321854274184751,0.08087821772084255,-0.12232047085082035,far|0.5atr,-0.04432104113341623,-0.004064135984255352
CH,1.5,оба,—,73,67.12328767123287,61.904761904761905,69.86301369863014,-0.005514454318623626,-0.03570091886697048,-0.034637784289291054,0.10616142920383051,0.13803651638615527,0.14773935706310418,0.0546591917089977,0.06672454153874428,ce|0.5atr,0.018576931253049843,0.10616142920383051
CH,1.5,оба,тренд,70,68.57142857142857,60.0,71.42857142857143,0.016416260934740683,-0.022680720996775643,-0.03139734104822751,0.08324154306928544,0.05452570418604032,0.15820299361569778,0.06059117619089974,0.08159451637933791,ce|0.5atr,-0.04327415484921722,0.08324154306928544
CH,1.5,оба,заход<50%,64,67.1875,58.82352941176471,70.3125,-0.04621402980417172,-0.053278986876119885,-0.07246740750726552,-0.04001125816617523,-0.05592675719167563,0.14935369389763678,0.032565551692654585,0.0787823860176437,ext-0.25atr|1atr,-0.07184691101095035,0.0787823860176437
CH,1.5,оба,объём≥1.5x,72,66.66666666666666,61.904761904761905,69.44444444444444,-0.009522939004444508,-0.04434692516050944,-0.048284938224478595,0.10001168688457161,0.12414998625659804,0.16470672338333608,0.07033377795486699,0.04873363415971382,ce|0.5atr,-0.014570940305539098,0.10001168688457161
0,0.5,оба,—,785,47.13375796178344,45.962732919254655,45.35031847133758,-0.05985502745270735,-0.06505739310750928,-0.05113917864801132,-0.11701988920867515,-0.13704841983571853,-1.2419181442532106,-1.610755396609826,-0.06807065479395535,far|1atr,-0.08408394618664339,-0.06505739310750928
0,0.5,оба,тренд,683,47.58418740849194,46.01449275362319,45.534407027818446,-0.06001885890906454,-0.0716308364884172,-0.06378318045038854,-0.09874016759665301,-0.13670805430698135,-0.9612547343980409,-1.2373400793193428,-0.07661562577964573,far|1atr,-0.09424596792677936,-0.0716308364884172
0,0.5,оба,EMA200,554,48.91696750902527,46.3963963963964,47.292418772563174,-0.0365598998099052,-0.052838732370010244,-0.03051168756782755,-0.19531900879599237,-0.12276729568658755,-0.5000696559094888,-0.8272742608842104,-0.03441217598741696,far|1atr,-0.11758145828806689,-0.052838732370010244
0,0.5,оба,свежий≤24ч,562,48.04270462633452,42.48366013071895,45.90747330960854,-0.028560009118251888,-0.03264306294859082,-0.014570562793608247,-0.09942268348549087,-0.09194569636359155,-1.5429069025908115,-2.00099349507178,0.005619530135149806,far|0.5atr,-0.08150128464981705,-0.028560009118251888
0,0.5,оба,не выходные,629,46.5818759936407,46.06741573033708,44.992050874403816,-0.06167274834895626,-0.06817532103697797,-0.07015353388999179,-0.11280061543623462,-0.1638147821051033,-1.0711188316708713,-1.3875252980967674,-0.09051911787133587,far|1atr,-0.09804135238334025,-0.06817532103697797
0,0.5,оба,заход<50%,699,49.35622317596567,48.59154929577465,48.06866952789699,-0.027014195168505704,-0.035917547511976455,-0.015600446334527897,-0.060335006252881636,-0.03188520433058865,-0.8860856888752423,-1.2682857871588031,-0.05273201394683033,far|1atr,-0.06197349605300634,-0.035917547511976455
0,0.5,оба,объём≥1.5x,561,48.663101604278076,47.791164658634536,48.484848484848484,-0.0807830940422489,-0.07838667680617602,-0.08360318198507408,-0.21264584721275875,-0.17352646908487238,-1.0999840321296412,-1.4206654564561112,-0.07930878322444776,far|1atr,-0.1105064997170276,-0.07838667680617602
0,0.5,оба,сессия Asia,228,45.614035087719294,41.83673469387755,42.98245614035088,-0.0689039290705738,-0.07219532204593929,-0.0687398975441281,-0.12466244969443212,-0.06407779821737479,-1.4277201189754634,-1.8110788748752455,-0.07083390103460649,far|1atr,-0.1231514500207587,-0.07219532204593929
0,0.5,оба,сессия NY,294,46.25850340136054,38.82352941176471,47.61904761904761,-0.12513178493442398,-0.09419640386054932,-0.10235430880750435,-0.15937735501390984,-0.07748274455749439,-0.3041442542607363,-0.783241313688222,-0.09010051413033109,far|0.5atr,-0.19778382842318742,-0.12513178493442398
0,0.5,bull,—,404,48.26732673267327,44.44444444444444,44.306930693069305,-0.09360989823670207,-0.06696446501962869,-0.03289836894427955,-0.09257226394203252,-0.18329110607822213,-1.0263438828879825,-1.5116451336233567,-0.10667673044994365,far|1atr,-0.13669282953026243,-0.06696446501962869
0,0.5,bull,тренд,352,49.715909090909086,44.66019417475729,44.60227272727273,-0.07856695676038172,-0.05280257866542046,-0.024499426769102974,-0.02694302337840518,-0.15947090963133886,-1.2504121836253361,-1.6175801948361286,-0.08419793430481971,far|1atr,-0.15218429408000556,-0.05280257866542046
0,0.5,bull,EMA200,292,53.082191780821915,48.91304347826087,47.26027397260274,-0.04036800458819218,0.010822736639744613,0.0477678124633997,-0.19889296881225768,-0.12865747094187985,-0.3934867461980952,-0.9009825370182187,-0.025943018512217426,far|1atr,-0.10648782710584845,0.010822736639744613
0,0.5,bull,свежий≤24ч,290,49.310344827586206,41.55844155844156,46.55172413793103,-0.056564210557008394,-0.04032945859568343,0.01312626626536212,-0.04689528718280436,-0.12697030755053387,-1.2691938398933893,-1.8890227387372676,-0.03353247212442122,far|gap,-0.16863424267344704,0.01312626626536212
0,0.5,bull,не выходные,329,48.02431610942249,43.56435643564357,44.37689969604863,-0.09107302519325093,-0.06693840740676983,-0.045574623385805896,-0.03808561978533538,-0.1758598923077403,-0.3304987921505094,-0.8615409956447528,-0.11272292425460854,far|1atr,-0.15258670811257427,-0.06693840740676983
0,0.5,bull,заход<50%,349,51.00286532951289,46.93877551020408,47.85100286532951,-0.04784764665529171,-0.02089982649411669,0.03033301176201398,-0.10112236005506721,-0.08264950894205098,-1.0990466071902105,-1.6402773073590684,-0.0674742156021023,far|1atr,-0.10559579010840263,-0.02089982649411669
0,0.5,bull,объём≥1.5x,277,50.18050541516246,45.348837209302324,47.65342960288809,-0.11359094891813018,-0.06858338314770211,-0.07362510828712744,-0.26987819343304764,-0.20970787584881115,-1.5059997753720846,-1.9973093429799618,-0.09029815638540566,far|1atr,-0.16324961610570257,-0.06858338314770211
0,0.5,bull,сессия Asia,124,45.16129032258064,40.0,41.935483870967744,-0.17996081499270924,-0.13718841296873283,-0.0774085896000985,-0.2115789709808317,-0.09252298919435002,-2.6153553675304693,-2.9598511448024887,-0.09145965799130079,far|gap,-0.20455103203024397,-0.0774085896000985
0,0.5,bull,сессия NY,144,47.22222222222222,40.0,48.61111111111111,-0.13882171249252823,-0.07718557973280844,-0.08817779904383365,-0.19592682576225798,-0.18782756596097713,0.16001879054759074,-0.7191905183841788,-0.14968549438365722,far|0.5atr,-0.20707292881838743,-0.13882171249252823
0,0.5,bear,—,381,45.93175853018373,39.39393939393939,46.45669291338583,-0.024062461057080396,-0.0630351961193302,-0.07048113959370064,-0.14311938104738817,-0.08768122776601872,-1.4694057200623067,-1.7153428057087048,-0.0271340286390491,far|0.5atr,-0.04780898144075123,-0.024062461057080396
0,0.5,bear,тренд,331,45.31722054380665,35.0,46.52567975830816,-0.040293993520352664,-0.09165363634852253,-0.10555925687278288,-0.17590532259757347,-0.11224330325743825,-0.6545725912781823,-0.8340551083166908,-0.06855226444773863,far|0.5atr,-0.1052449527725565,-0.040293993520352664
0,0.5,bear,EMA200,262,44.274809160305345,38.88888888888889,47.32824427480916,-0.03231575249975332,-0.12378968256408816,-0.11775448912934797,-0.19128253630703387,-0.11611486245708096,-0.6180867475056298,-0.745658583479121,-0.04385108431855537,far|0.5atr,-0.08108491774138,-0.03231575249975332
0,0.5,bear,свежий≤24ч,272,46.69117647058824,43.42105263157895,45.220588235294116,0.0012974115333635216,-0.024448008766028834,-0.04410027024618698,-0.15612839540316384,-0.054135036559506064,-1.8327801461116975,-2.1195750709684775,0.047362473720721866,far|0.5atr,-0.04676013306114403,0.0012974115333635216
0,0.5,bear,не выходные,300,45.0,36.11111111111111,45.666666666666664,-0.029430444743046427,-0.0695318029847729,-0.0971084057429157,-0.1946800627248914,-0.15061466133509022,-1.8783946747480662,-1.9608481877694643,-0.06616894353768026,far|0.5atr,-0.035209857989697446,-0.029430444743046427
0,0.5,bear,заход<50%,350,47.714285714285715,40.21739130434783,48.285714285714285,-0.006240267828824798,-0.05089236075549946,-0.06140266597936532,-0.019664187747273732,0.018734059410555202,-0.6749553801732968,-0.8994919018026664,-0.03803193286771625,ce|1atr,-0.00023784837904028183,0.018734059410555202
0,0.5,bear,объём≥1.5x,284,47.183098591549296,38.095238095238095,49.29577464788733,-0.04878388347668863,-0.08794833998715233,-0.0933353172468037,-0.15685980577060002,-0.13825939389980582,-0.7068804503330711,-0.8623600680902627,-0.06859027489492187,far|0.5atr,-0.16338097353314632,-0.04878388347668863
0,0.5,bear,сессия Asia,104,46.15384615384615,41.66666666666667,44.230769230769226,0.06351005029812616,0.005296440208160695,-0.058404149323548024,-0.020703473253836552,-0.030055118813541695,-0.021006523599630653,-0.4503971570973442,-0.04624165235547095,far|0.5atr,0.031136399305754067,0.06351005029812616
0,0.5,bear,сессия NY,150,45.33333333333333,37.5,46.666666666666664,-0.11198945447864389,-0.11052679502318052,-0.11596375818062822,-0.12384314734190463,0.02979694291811388,-0.7466463569780084,-0.8443030718780764,-0.03289893308713798,far|0.5atr,-0.1873335904785874,-0.11198945447864389
0,0.75,оба,—,451,52.993348115299334,48.4375,55.87583148558758,-0.0723472882082281,-0.0663578200776988,-0.06157177036578847,-0.12368806130699797,-0.05904928864164895,-1.1903939178269762,-1.580068567504144,-0.0856760289132425,far|1atr,-0.165985139066354,-0.0663578200776988
0,0.75,оба,тренд,410,52.4390243902439,48.0,55.60975609756098,-0.08087595173086244,-0.0885163802121873,-0.08278104749634749,-0.14171063703468334,-0.08628734647754267,-1.3088090509310926,-1.59531609856846,-0.09480831146447158,far|1atr,-0.18556553992412042,-0.0885163802121873
0,0.75,оба,EMA200,327,55.04587155963303,51.09489051094891,58.103975535168196,-0.05442221375295558,-0.038525249004331324,-0.03563409801050316,-0.15554800122956702,-0.06949982594864083,-0.45353538171751345,-0.9180610783645973,-0.03217340591490863,far|1atr,-0.12950663738844298,-0.038525249004331324
0,0.75,оба,свежий≤24ч,314,56.36942675159236,45.348837209302324,59.23566878980891,-0.018168560057599217,0.007132950855869363,-0.006284546463305821,-0.05055823831335942,0.08136738496135651,-1.391994640507208,-2.0033655856545445,0.08500145979660893,ce|1atr,-0.09044361235509575,0.08136738496135651
0,0.75,оба,не выходные,367,50.68119891008175,47.82608695652174,53.950953678474114,-0.091732645628422,-0.10851682490784016,-0.10987571220991636,-0.1608310452534469,-0.12200668005368091,-0.6996708160781018,-0.9744912515594035,-0.14127830746432357,far|0.5atr,-0.16443552045537682,-0.091732645628422
0,0.75,оба,заход<50%,420,54.285714285714285,50.282485875706215,57.85714285714286,-0.04801312003990447,-0.047245728385820376,-0.036416810352426374,-0.07292952371218413,-0.023307842265138354,-1.220434152470886,-1.6247318247660927,-0.07025789902034761,far|1atr,-0.14313202606869524,-0.047245728385820376
0,0.75,оба,объём≥1.5x,384,52.864583333333336,48.837209302325576,55.46875,-0.08955976068518574,-0.08954616221577603,-0.08787667301637998,-0.17126270684070227,-0.1412951708346683,-1.4950686971527478,-1.7639195191833017,-0.12274121266986164,far|1atr,-0.16977044380328846,-0.08954616221577603
0,0.75,оба,сессия Asia,129,52.71317829457365,45.3125,52.71317829457365,-0.07594485833121549,-0.05862736312186927,-0.08289357500231548,-0.05792111436497352,0.03781742689150287,-2.2462811307439763,-2.824634029084619,-0.056997766316073104,ce|1atr,-0.1652732148576068,0.03781742689150287
0,0.75,оба,сессия NY,176,48.86363636363637,40.0,56.81818181818182,-0.14255845626005625,-0.127200627232589,-0.0846759848656215,-0.1387896879291928,-0.052723328855702085,-0.5127288163647455,-0.8596674229432781,-0.1548586469116352,far|0.5atr,-0.21255677427028585,-0.14255845626005625
0,0.75,bull,—,247,53.441295546558706,45.26315789473684,53.441295546558706,-0.10857875323826359,-0.06707643013770007,-0.04841325991361005,-0.25412649806835425,-0.170444697510217,-1.5482816766757472,-2.1575925552133906,-0.08325983988927639,far|1atr,-0.238460518497596,-0.06707643013770007
0,0.75,bull,тренд,225,53.77777777777778,44.285714285714285,53.333333333333336,-0.10265338540014135,-0.07154557458336135,-0.04919072087510604,-0.2400192732611418,-0.16341367353453962,-1.8031583307910313,-2.286420408729699,-0.06276339585284652,far|1atr,-0.26281111267176377,-0.07154557458336135
0,0.75,bull,EMA200,181,59.66850828729282,50.98039215686274,56.9060773480663,-0.05462066647711395,0.04103025750419924,0.05625815168302251,-0.253503648673063,-0.1366050718673645,-0.44729406079756684,-1.1952694018136931,0.0346965269809792,far|1atr,-0.12765593539726447,0.04103025750419924
0,0.75,bull,свежий≤24ч,171,57.30994152046783,39.58333333333333,59.06432748538012,-0.045835919886519964,0.006809125809102395,0.01854885872869082,-0.19405999244518754,-0.07046313430750709,-1.9727176969487965,-2.9258454368310916,0.08269295171646526,far|0.5atr,-0.19448065765992226,-0.045835919886519964
0,0.75,bull,не выходные,204,51.9607843137255,42.42424242424242,52.450980392156865,-0.11441137504782169,-0.09480875137717923,-0.07498089975022314,-0.2537544437729567,-0.18093066837063604,-0.4761372065687926,-1.0277358406958517,-0.12735833391098483,far|gap,-0.2303206882481221,-0.07498089975022314
0,0.75,bull,заход<50%,225,55.55555555555556,47.05882352941176,56.44444444444444,-0.0772894831627399,-0.027569216984225195,-0.0013835566061687625,-0.1570558332359948,-0.0701718381744917,-1.630521447358871,-2.279601940972496,-0.053378823223013086,far|1atr,-0.1965651986617228,-0.027569216984225195
0,0.75,bull,объём≥1.5x,203,53.20197044334976,44.57831325301205,52.70935960591133,-0.1023519404549188,-0.08776634474929432,-0.07349616336399677,-0.3031517105350038,-0.2610617139414678,-2.0660760611974065,-2.471158818383322,-0.11270959731338027,far|1atr,-0.2572836636917055,-0.08776634474929432
0,0.75,bull,сессия Asia,72,54.166666666666664,45.16129032258064,51.388888888888886,-0.13996636215245317,-0.04132520561945176,-0.028444721714710703,-0.14632083671465343,-0.0002462482976941947,-3.882242732564959,-4.572750715448862,0.027846160572734306,far|gap,-0.208671810018435,-0.028444721714710703
0,0.75,bull,сессия NY,95,47.368421052631575,39.39393939393939,54.736842105263165,-0.1762895483636582,-0.16120913769777762,-0.11549226620262247,-0.2694905552009136,-0.20435354377001502,-0.16327387845528885,-0.843291576905299,-0.2387145688423613,far|gap,-0.2814817200664842,-0.11549226620262247
0,0.75,bear,—,204,52.450980392156865,46.93877551020408,58.82352941176471,-0.028478798686567483,-0.06548773828936384,-0.077503888413279,0.03400616821046262,0.07562277282632142,-0.7584604157681146,-0.8830568581998807,-0.08860151268245639,ce|0.5atr,-0.012061162318596436,0.03400616821046262
0,0.75,bear,тренд,185,50.810810810810814,41.46341463414634,58.37837837837838,-0.05438988375471244,-0.10915654922021885,-0.12363414744110056,-0.022335864473983703,0.007366050663096459,-0.7096792171877967,-0.7577277226665228,-0.13378185747861016,ce|1atr,-0.0316118139294586,0.007366050663096459
0,0.75,bear,EMA200,146,49.31506849315068,40.74074074074074,59.589041095890416,-0.05417618674560852,-0.1371522810457288,-0.14955531167165478,-0.032932190793302764,0.014499048313258054,-0.4612401847842061,-0.5758521825205409,-0.11507380217624909,ce|1atr,-0.04664251205535787,0.014499048313258054
0,0.75,bear,свежий≤24ч,143,55.24475524475524,52.63157894736842,59.44055944055944,0.014916184912648706,0.007520182205499833,-0.03598043658800107,0.11903474384243744,0.2608034531881953,-0.7008524113619373,-0.905484636014851,0.0877619834448926,ce|1atr,0.1630911122009858,0.2608034531881953
0,0.75,bear,не выходные,163,49.079754601226995,37.142857142857146,55.828220858895705,-0.06334945052684203,-0.12567294147382074,-0.15354774743554464,-0.045398252061509325,-0.048809179038829795,-0.9780592990866278,-0.9081805055796555,-0.15869962405868612,ce|0.5atr,-0.09071888956437277,-0.045398252061509325
0,0.75,bear,заход<50%,195,52.820512820512825,45.83333333333333,59.48717948717949,-0.014232701052017448,-0.06994939538766091,-0.07683979544426203,0.024139294969135833,0.030765999168730882,-0.7490451485532541,-0.8719687530443001,-0.08973375570957975,ce|0.5atr,-0.010231561408644552,0.024139294969135833
0,0.75,bear,объём≥1.5x,181,52.48618784530387,42.10526315789473,58.5635359116022,-0.07521273033570616,-0.09154231108702343,-0.10400508991932915,-0.024637501616311237,-0.008146891067891252,-0.8574438073028786,-0.9741689684099453,-0.1339921403901142,ce|1atr,-0.1535625821553386,-0.008146891067891252
0,0.75,bear,сессия NY,81,50.617283950617285,40.909090909090914,59.25925925925925,-0.1029972988545972,-0.08731410261292337,-0.048533432680249934,0.015073358352706267,0.1257780633851979,-0.9225833731721332,-0.8788736621236236,-0.05650910884473426,ce|0.5atr,-0.11818303329429836,0.015073358352706267
0,1.0,оба,—,266,57.89473684210527,54.91803278688525,60.526315789473685,-0.043792059013705115,-0.05878786547930305,-0.05296561552240913,-0.13603003617931037,-0.12473210164482518,-0.8685921705810703,-1.0685340506357872,-0.12703183268154658,far|1atr,-0.11359760905690243,-0.05878786547930305
0,1.0,оба,тренд,246,58.536585365853654,54.166666666666664,60.97560975609756,-0.04322541783354086,-0.053885390095929,-0.05567816565937856,-0.14434948079805449,-0.10603791265705564,-0.724130452960859,-0.9650511756430118,-0.07655261260259613,far|1atr,-0.12729281709946527,-0.053885390095929
0,1.0,оба,EMA200,199,61.80904522613066,57.89473684210527,62.311557788944725,-0.025325664393413105,0.0036096741818685807,-0.006927165058901763,-0.16474069413191647,-0.08548184820395481,-0.5951441482531548,-1.0067428684543462,0.023626550526202203,far|1atr,-0.0639647669245488,0.0036096741818685807
0,1.0,оба,свежий≤24ч,184,60.86956521739131,48.97959183673469,63.58695652173913,-0.01086110341162899,-0.0031003660534075243,-0.023620219925905236,-0.11452697075631026,-0.06551469153136427,-0.9784307181383645,-1.3040948514412396,-0.00648818626708467,far|0.5atr,-0.06499422656722745,-0.01086110341162899
0,1.0,оба,не выходные,223,53.81165919282511,51.515151515151516,58.29596412556054,-0.0751945071657326,-0.12692324986234665,-0.1202175040234416,-0.19795805526186658,-0.21197269710509517,-0.9544445522883659,-1.0921568795184569,-0.20403384386785897,far|0.5atr,-0.1504831405430996,-0.0751945071657326
0,1.0,оба,заход<50%,250,59.199999999999996,55.55555555555556,62.8,-0.02352422086200564,-0.03674443487037067,-0.027682967624754844,-0.04890481230361961,-0.03728718189602124,-0.8780521659820372,-1.0803175929941669,-0.11435384432481091,far|1atr,-0.09931935000194403,-0.03674443487037067
0,1.0,оба,объём≥1.5x,243,58.0246913580247,54.78260869565217,60.90534979423868,-0.05397110855278145,-0.06257526218826058,-0.0669348063097445,-0.1585556363532326,-0.14322946740222567,-0.9064170028571776,-1.0321610328905277,-0.11147424964776313,far|1atr,-0.11895580175947464,-0.06257526218826058
0,1.0,оба,сессия Asia,72,58.333333333333336,46.15384615384615,55.55555555555556,-0.07768035156125006,-0.03657403176695226,-0.08513263753993633,0.005711794079885313,0.11734332001160462,-0.30625081333827403,-0.8214389324776687,-0.18235704001044695,ce|1atr,-0.15794582438449037,0.11734332001160462
0,1.0,оба,сессия NY,94,54.25531914893617,42.42424242424242,63.829787234042556,-0.0846513981369971,-0.13149179005968353,-0.050892411977029386,-0.1422902926663602,-0.20639698098905196,-1.118976514144632,-0.9683655262164999,-0.18847301729138133,far|gap,-0.19450272279764946,-0.050892411977029386
0,1.0,bull,—,155,56.12903225806451,48.484848484848484,56.12903225806451,-0.08100985115797503,-0.08521988483008806,-0.05018102742477248,-0.2689988786959841,-0.23524984257379516,-0.8587541177172442,-1.3731157465065214,-0.09906779661674307,far|0.5atr,-0.22899806721137148,-0.08100985115797503
0,1.0,bull,тренд,147,57.14285714285714,48.78048780487805,56.4625850340136,-0.06622053451129963,-0.06985617582217106,-0.03719569348259872,-0.24980464366006924,-0.20911635910178014,-0.7394592408676441,-1.3231009589056488,-0.04192500956170146,far|0.5atr,-0.2090072205068097,-0.06622053451129963
0,1.0,bull,EMA200,118,64.40677966101694,58.06451612903226,59.32203389830508,-0.02405039693473428,0.05308049082745391,0.0699372540434256,-0.25176311434182985,-0.1509749947764459,-0.5980002190699245,-1.4545103971344433,0.09529427420347664,far|1atr,-0.042368856501443515,0.05308049082745391
0,1.0,bull,свежий≤24ч,109,60.550458715596335,48.148148148148145,61.46788990825688,-0.012739975151842376,-0.009988494602044866,0.01749853215627708,-0.22090017383813643,-0.1747213742896843,-0.9814994060092095,-1.7217496747150567,0.056061779378410816,far|0.5atr,-0.13223199330558283,-0.012739975151842376
0,1.0,bull,не выходные,132,53.03030303030303,45.94594594594595,55.3030303030303,-0.099988311106083,-0.14113035894747764,-0.09904336663600663,-0.2992728782407826,-0.2773405068939879,-0.9470298713550129,-1.3493947402373203,-0.1702200179374036,far|0.5atr,-0.2157869956006334,-0.099988311106083
0,1.0,bull,заход<50%,141,58.156028368794324,50.0,59.57446808510638,-0.05575833880878032,-0.05431570916777542,-0.0088922290198638,-0.12248603634101517,-0.08475313154711181,-0.8710127704822362,-1.406399090683833,-0.07847803056070515,far|1atr,-0.1859645579250862,-0.05431570916777542
0,1.0,bull,объём≥1.5x,137,55.47445255474452,45.90163934426229,55.47445255474452,-0.08774103324754157,-0.10387735918534595,-0.0813602631509511,-0.3087228515633716,-0.2779124156080612,-0.9369298301563563,-1.3328767122933718,-0.08622620073981356,far|0.5atr,-0.25304290258535095,-0.08774103324754157
0,1.0,bear,—,111,60.36036036036037,50.0,66.66666666666666,0.008178731818383507,-0.021878288908387108,-0.0568540043073972,0.04770872802554791,0.027983322184297034,-0.8823654445904271,-0.6421196764167596,-0.16608071187113702,ce|0.5atr,0.024393083098895013,0.04770872802554791
0,1.0,bear,тренд,99,60.60606060606061,52.94117647058824,67.67676767676768,-0.00908115367565666,-0.030171193108478697,-0.08312183646732445,0.010605044223681508,0.045424294363764016,-0.7012936873038119,-0.431630069966022,-0.12796935651180344,ce|1atr,-0.012550676803169401,0.045424294363764016
0,1.0,bear,EMA200,81,58.0246913580247,50.0,66.66666666666666,-0.027183461431982265,-0.06845892290676196,-0.11890249165241568,-0.03855818482754207,0.009483214326157393,-0.5909671446836293,-0.35188285775970457,-0.0807782814974816,far|0.5atr,-0.09689446084252658,-0.027183461431982265
0,1.0,bear,свежий≤24ч,75,61.33333333333333,50.0,66.66666666666666,-0.008130476482518854,0.006910380770612138,-0.08337947295201027,0.038650441681519467,0.09174293164061655,-0.9739520925971313,-0.6945445688253978,-0.09739413633853802,ce|0.5atr,-0.058649935405646565,0.038650441681519467
0,1.0,bear,не выходные,91,54.94505494505495,37.5,62.637362637362635,-0.039229868483026585,-0.10631513558501382,-0.15093163737664395,-0.05274014232542022,-0.1182788364076822,-0.9651999136422403,-0.7190206419921935,-0.25308247049225574,far|0.5atr,-0.06530419916370775,-0.039229868483026585
0,1.0,bear,заход<50%,109,60.550458715596335,50.0,66.97247706422019,0.018173124371895576,-0.014014621329691161,-0.05199025334300843,0.04627823897411226,0.024113725450802346,-0.887177308296594,-0.6576193552483028,-0.1607620070838835,ce|0.5atr,0.024393083098895013,0.04627823897411226
0,1.0,bear,объём≥1.5x,106,61.32075471698113,50.0,67.9245283018868,-0.010325073805780134,-0.009194250031650265,-0.048290583788562345,0.03308633353399244,0.028651628403316826,-0.8668956265458603,-0.6426626290925586,-0.14410616191558473,far|0.5atr,-0.03667789954702336,-0.010325073805780134
0,1.5,оба,—,97,62.88659793814433,56.666666666666664,69.0721649484536,-0.007020451500611518,-0.06625208294864582,-0.05194341305313841,-0.1960179268241489,-0.20580566999807093,-0.7884535991609211,-1.0325213511861853,-0.24063600077887434,far|0.5atr,-0.1093383686962631,-0.007020451500611518
0,1.5,оба,тренд,94,63.829787234042556,55.172413793103445,70.2127659574468,-0.00270694677071894,-0.052514418744005795,-0.04179382317946007,-0.18755091056490017,-0.17838509288559895,-0.7635263997044661,-1.0472984416879838,-0.2123832516598501,far|0.5atr,-0.09844996898867325,-0.00270694677071894
0,1.5,оба,EMA200,77,64.93506493506493,54.166666666666664,70.12987012987013,-0.027309567548706816,-0.03327718855171761,-0.011958228911210357,-0.23918960175720086,-0.18282241762434506,-0.6993163823032137,-1.1405483757011368,-0.11020843640278662,far|gap,-0.0791827671533487,-0.011958228911210357
0,1.5,оба,свежий≤24ч,66,66.66666666666666,52.38095238095239,72.72727272727273,0.09064667986986018,-0.004210825008712905,-0.010998737654746373,-0.2020264733398074,-0.1966771372871108,-0.9357974105906104,-1.2713331075772116,-0.1345975514228731,far|0.5atr,0.03910196810075263,0.09064667986986018
0,1.5,оба,не выходные,81,56.79012345679012,47.82608695652174,62.96296296296296,-0.05640190981502019,-0.1614317966091908,-0.1597900921546656,-0.3374886203674105,-0.41291701263986547,-0.8553165936248066,-1.211478193760345,-0.35589259106135435,far|0.5atr,-0.14463117662845837,-0.05640190981502019
0,1.5,оба,заход<50%,91,64.83516483516483,57.14285714285714,71.42857142857143,0.01138134015784106,-0.03906752107052771,-0.03557503008747243,-0.00853866822704933,-0.02156900532814492,-0.7813593912720631,-1.0594840892538062,-0.22792247116958553,far|0.5atr,-0.10001184605163119,0.01138134015784106
0,1.5,оба,объём≥1.5x,96,62.5,56.666666666666664,68.75,-0.010208402485352616,-0.07339808540031277,-0.06291319537132123,-0.20452385989740351,-0.22132515289844668,-0.7827336604012398,-1.0293437848434341,-0.23171917136568995,far|0.5atr,-0.1093383686962631,-0.010208402485352616
NF,0.5,оба,—,231,49.78354978354979,47.474747474747474,54.54545454545454,-0.02007459325038149,-0.10286968904972145,-0.028704074481088134,-0.14882540024481472,-0.1860909845564678,-0.07893545931782195,-0.04172588301383152,-0.07599893971585718,far|0.5atr,-0.08502062613737271,-0.02007459325038149
NF,0.5,оба,тренд,200,50.0,45.28301886792453,53.5,-0.027032615241116283,-0.11633226870097772,-0.05924913700718491,-0.16814347727230608,-0.23051978643121,-0.04507204698373084,-0.010139201029100845,-0.0751308026288822,far|0.5atr,-0.09585960691975512,-0.027032615241116283
NF,0.5,оба,EMA200,165,50.303030303030305,40.476190476190474,58.18181818181818,-0.007774089575236073,-0.11324956866383537,-0.02805883749903621,-0.19386336139802898,-0.2750203151392453,-0.055610421403732825,-0.028810590355023223,-0.08973764140611329,far|0.5atr,-0.08222521750069689,-0.007774089575236073
NF,0.5,оба,свежий≤24ч,181,48.61878453038674,44.18604651162791,52.48618784530387,-0.025616684098743646,-0.13033352260584397,-0.05824959699548115,-0.14818535359929239,-0.19877268464333026,-0.1314079390895139,-0.13541586586709173,-0.10078321856842365,far|0.5atr,-0.07463721257762097,-0.025616684098743646
NF,0.5,оба,не выходные,185,49.72972972972973,45.83333333333333,52.972972972972975,-0.04891543389006524,-0.09185721350348229,-0.036895111757956844,-0.23510347720371785,-0.2509614998622581,-0.10221752124325158,-0.07983536937008341,-0.11708701457656048,far|0.5atr,-0.08367701744017828,-0.04891543389006524
NF,0.5,оба,заход<50%,142,54.929577464788736,48.214285714285715,61.267605633802816,0.022937197201722936,-0.05541266275842605,0.0029755067067050232,0.030401283267252416,-0.02060319977897683,-0.021785735772679216,0.002010142858609488,-0.0335672834684238,far|0.5atr,-0.11821394004330912,0.022937197201722936
NF,0.5,оба,объём≥1.5x,175,52.0,49.01960784313725,56.57142857142857,-0.028955678629845015,-0.07881039867295525,-0.07764091056233699,-0.17944865787598158,-0.19108186354024884,-0.05559703928464326,-0.014651963621329298,-0.046909943969750005,far|0.5atr,-0.10186324967523612,-0.028955678629845015
NF,0.5,оба,сессия Asia,71,39.436619718309856,35.294117647058826,43.66197183098591,-0.19274804460304537,-0.2977353918751334,-0.20505609078496753,-0.19471990593591126,-0.2775086063440313,-0.42503029957927096,-0.2551366166193396,-0.21145335864703504,far|gap,-0.29451145399565,-0.20505609078496753
NF,0.5,оба,сессия NY,77,58.44155844155844,50.0,64.93506493506493,0.059028914471739136,0.06411988910141259,0.08214865822919395,0.028326431607483032,0.033590197587105845,0.10331916074338009,0.11759614130594793,0.07565710522751343,far|0.5atr,-0.008929717391820587,0.059028914471739136
NF,0.5,bull,—,117,58.119658119658126,54.166666666666664,58.97435897435898,0.004538104085552172,0.058922198241657765,0.08614701485117496,-0.1048207587220064,0.0483299228942172,0.2000227789400659,0.13236420357143205,0.0724228708239768,ext|1atr,0.06554744303622041,0.2000227789400659
NF,0.5,bull,тренд,101,58.415841584158414,50.0,56.43564356435643,-0.0034276960862573125,0.039170765006416544,0.046062130124564005,-0.1117334272452438,0.0187580022187663,0.25740823420781267,0.1779764223534534,0.09306804984977828,ext|1atr,0.16871083503864062,0.25740823420781267
NF,0.5,bull,EMA200,86,59.30232558139535,46.666666666666664,62.7906976744186,0.043387243341294006,0.05082336743073367,0.10825981749839367,-0.1090008469224442,-0.033466212161006044,0.2679008329824145,0.19172930085663092,0.08076833726098526,ext|1atr,0.14294959542184718,0.2679008329824145
NF,0.5,bull,свежий≤24ч,93,55.91397849462365,50.0,56.98924731182796,-0.013548262151715973,-0.006812864224818564,0.030644905492035853,-0.08059104118167003,0.06061204033273891,0.09400029471940954,0.027816747749617458,-0.01679219837650789,ext-0.25atr|1atr,-0.03884500033129753,-0.01679219837650789
NF,0.5,bull,не выходные,96,58.333333333333336,55.00000000000001,56.25,-0.0013973098280411534,0.07330660959529853,0.08632938025763577,-0.13940664501781522,0.013735408862539359,0.17758886344433142,0.12085883078952635,0.05682113715362952,ext|1atr,0.08914793710804557,0.17758886344433142
NF,0.5,bull,заход<50%,67,67.16417910447761,61.53846153846154,67.16417910447761,0.08666678102192317,0.1700563296916328,0.19672360473524908,-0.026128518741003467,0.17116105908160983,0.32887040895115466,0.279701492698904,0.17617023469972384,far|1atr,0.052425303787562556,0.1700563296916328
NF,0.5,bull,объём≥1.5x,84,60.71428571428571,55.55555555555556,59.523809523809526,0.0028145232402404198,0.08683612543667865,0.04630397693364116,-0.09826898923186433,0.11671229055052884,0.2791247257846064,0.21559456995628745,0.13492405900138568,ext|1atr,0.11457872520494898,0.2791247257846064
NF,0.5,bear,—,114,41.228070175438596,40.0,50.0,-0.0453349931477871,-0.2689192575856107,-0.14657756090104232,-0.19398805864980215,-0.42668086325585514,-0.36523470384565426,-0.2203972876671283,-0.22832658737516048,far|0.5atr,-0.10159494077768927,-0.0453349931477871
NF,0.5,bear,тренд,99,41.41414141414141,38.88888888888889,50.505050505050505,-0.05111440144960874,-0.27497677783680413,-0.1666879044850297,-0.22569312426961197,-0.48483349000340814,-0.3536630409266186,-0.2020551400355452,-0.2467276117232732,far|0.5atr,-0.09214789345321565,-0.05111440144960874
NF,0.5,bear,EMA200,79,40.50632911392405,37.03703703703704,53.16455696202531,-0.06346870515525611,-0.2918606130199485,-0.1764563606607953,-0.2862453391815771,-0.5379779462294806,-0.4077872299759945,-0.2688919909145455,-0.27535174476523316,far|0.5atr,-0.09557332568677641,-0.06346870515525611
NF,0.5,bear,свежий≤24ч,88,40.909090909090914,39.02439024390244,47.72727272727273,-0.03837081183821602,-0.26087240021306396,-0.1521949234879707,-0.21962025194973422,-0.47289517808394893,-0.36962345891030796,-0.3079230598029323,-0.18954645581669824,far|0.5atr,-0.060006809935392154,-0.03837081183821602
NF,0.5,bear,не выходные,89,40.44943820224719,39.285714285714285,49.43820224719101,-0.1001709384962935,-0.2700114496549762,-0.1698114177523039,-0.3383270265278376,-0.5364772665766463,-0.40403114967030734,-0.2963145066208985,-0.3046733355439564,far|0.5atr,-0.13361388865988252,-0.1001709384962935
NF,0.5,bear,заход<50%,75,44.0,37.5,56.00000000000001,-0.033994564344322596,-0.25683162934714543,-0.17010612753212764,0.08090123972796097,-0.19191260436110086,-0.3350385583926375,-0.24606079633205358,-0.22093279969863575,ce|0.5atr,-0.09896040571718764,0.08090123972796097
NF,0.5,bear,объём≥1.5x,91,43.956043956043956,42.857142857142854,53.84615384615385,-0.058282018817616174,-0.23171488246646352,-0.19205157594323996,-0.25438373662439745,-0.47519954423942823,-0.36457097627164287,-0.22718722538528324,-0.21475671594310608,far|0.5atr,-0.11655920115100274,-0.058282018817616174
NF,0.75,оба,—,151,57.615894039735096,52.5,62.913907284768214,0.002373761047243394,-0.01224648513097427,0.008843095435154925,-0.16751509410579987,-0.1358795801825648,-0.010374206902223175,0.007838401670113602,0.016325833003919227,far|gap,-0.09981708664405954,0.008843095435154925
NF,0.75,оба,тренд,132,57.57575757575758,51.515151515151516,63.63636363636363,0.0021542661644406652,-0.037153342013681256,-0.01573736153479607,-0.19623620923607282,-0.19856508737188777,0.030412097530864164,0.03613228308556076,-0.0037764909766401064,far|0.5atr,-0.10889913690647683,0.0021542661644406652
NF,0.75,оба,EMA200,111,58.55855855855856,44.44444444444444,67.56756756756756,0.0415330968896247,-0.012179674250536354,0.039958928062909196,-0.20560458403295012,-0.23149719973428642,0.03870528122318471,0.06577524982243334,-0.020037381484035784,far|0.5atr,-0.026313496419945227,0.0415330968896247
NF,0.75,оба,свежий≤24ч,115,59.130434782608695,51.85185185185185,62.60869565217392,0.011978195862917148,0.011215843282566078,0.005078503328994714,-0.1517544380855652,-0.08971123894637983,0.00032509828661922354,-0.04280138832463567,0.07153172702453293,ext-0.25atr|1atr,-0.06519325418832432,0.07153172702453293
NF,0.75,оба,не выходные,124,55.64516129032258,48.38709677419355,58.87096774193549,-0.04855344622418276,-0.03236055650993116,-0.03864737852656783,-0.2819628658529819,-0.23830116417008465,-0.052142272185707675,-0.0833465343253643,-0.07751349386910843,far|0.5atr,-0.14975206305210126,-0.04855344622418276
NF,0.75,оба,заход<50%,107,59.813084112149525,54.54545454545454,66.35514018691589,0.020080882127757962,-0.013271176324678339,0.020997874060748465,0.06674293419943099,0.03181479742195415,-0.0018433952820497688,0.007528240976028077,0.05386493558583395,ce|0.5atr,-0.08291662896017465,0.06674293419943099
NF,0.75,оба,объём≥1.5x,132,54.54545454545454,50.0,60.60606060606061,-0.02525247796740261,-0.08268592863844902,-0.07090706639134853,-0.1994490770356859,-0.22562994685425034,-0.09312765257195282,-0.08528224111143136,-0.06980749701348224,far|0.5atr,-0.11854039626452793,-0.02525247796740261
NF,0.75,bull,—,80,63.74999999999999,52.94117647058824,62.5,0.01410141667959569,0.09379458910755228,0.10079513605843671,-0.12328140714460063,0.059497162667290014,0.25441244964635185,0.21263847276855313,0.15197229586730857,ext-0.25atr|1atr,0.02461527593526893,0.15197229586730857
NF,0.75,bull,тренд,71,63.38028169014085,50.0,61.97183098591549,0.015392585150086895,0.05519285867868965,0.06043341587446448,-0.13387220487197826,0.010028925243369537,0.30591143150578887,0.2535645603212847,0.14842041413248727,ext|1atr,0.02024241215654812,0.30591143150578887
NF,0.75,bull,EMA200,60,65.0,40.0,66.66666666666666,0.07334408274710374,0.08548218218244683,0.14027371800736155,-0.12373738471898049,-0.018330924757479723,0.3270719270278633,0.30205077625982424,0.13560265604976732,far|0.5atr,-0.022633357519536688,0.07334408274710374
NF,0.75,bull,свежий≤24ч,65,63.07692307692307,46.15384615384615,61.53846153846154,0.016950612907670342,0.06843234404621898,0.06344441453040088,-0.07326908667042635,0.13466668888386205,0.2134212355081466,0.1411540155252146,0.12255197806024039,ext|1atr,-0.09685624512907996,0.2134212355081466
NF,0.75,bull,не выходные,66,63.63636363636363,57.14285714285714,59.09090909090909,-0.007611536519717617,0.10695308195023716,0.09320482324607199,-0.15902136994570715,0.03821079021010712,0.26013425777882315,0.1715106716438149,0.14203538423673331,far|1atr,0.01637157156148466,0.10695308195023716
NF,0.75,bull,объём≥1.5x,67,59.70149253731343,50.0,59.70149253731343,-0.01865896484737498,0.0035355832666230623,0.0038072906776748555,-0.1181893060022506,0.0010626752042649065,0.15826169775129822,0.10659201610118921,0.04413466594642488,ext-0.25atr|1atr,-0.03449281098318091,0.04413466594642488
NF,0.75,bear,—,71,50.70422535211267,50.0,63.38028169014085,-0.010840498820195863,-0.13172938568142675,-0.09476483766150065,-0.21735586814658778,-0.35602238902747146,-0.30872536921047655,-0.2229222418210857,-0.1365152519125758,far|0.5atr,-0.11767954565598847,-0.010840498820195863
NF,0.75,bear,тренд,61,50.81967213114754,46.15384615384615,65.57377049180327,-0.013254269048360677,-0.14463826413103092,-0.10439515163409932,-0.26882382087296974,-0.4413548397601382,-0.2902510616858514,-0.21694462976257697,-0.18092370839873909,far|0.5atr,-0.07184424040683132,-0.013254269048360677
NF,0.75,bear,объём≥1.5x,65,49.23076923076923,46.15384615384615,61.53846153846154,-0.032048868414200335,-0.1715604101406003,-0.14792032675480343,-0.28320914871630387,-0.45929772651456613,-0.352252059828227,-0.2830603216229018,-0.18725557267984805,far|0.5atr,-0.10736758444630069,-0.032048868414200335
NF,1.0,оба,—,96,56.25,53.333333333333336,59.375,-0.038464150029858146,-0.1036753899824054,-0.047136253947538086,-0.28005807766239027,-0.2639119962941359,-0.04729432659386038,-0.009768350016292171,-0.05471452270118138,ext-0.25atr|1atr,-0.1035921898827157,-0.05471452270118138
NF,1.0,оба,тренд,84,58.333333333333336,52.63157894736842,61.904761904761905,-0.018075814354628805,-0.0842662601178817,-0.034948652463762934,-0.3376191818384389,-0.36315154431413843,0.02282163574306027,0.045644542565567256,-0.04396517883445731,far|0.5atr,-0.12015999119888275,-0.018075814354628805
NF,1.0,оба,EMA200,71,57.74647887323944,46.666666666666664,64.7887323943662,0.022187532336174834,-0.0892057722788433,0.007471902129135612,-0.35576898572600907,-0.44177060704424,-0.00869821443834276,0.0032162076376067903,-0.09022657487117658,far|0.5atr,-0.033951545458032514,0.022187532336174834
NF,1.0,оба,свежий≤24ч,75,58.666666666666664,55.55555555555556,60.0,-0.024893662649098303,-0.06359225411545355,-0.030967979613007575,-0.27509052105235116,-0.20200937532358715,-0.046898560215859544,-0.07019423046646958,-0.0051394831801192115,ext-0.25atr|1atr,-0.09252167568130132,-0.0051394831801192115
NF,1.0,оба,не выходные,80,52.5,47.368421052631575,55.00000000000001,-0.08153066476028847,-0.15160674104951513,-0.11801094596611623,-0.39394880281918965,-0.3882864278964115,-0.12512790680064975,-0.16295800958500223,-0.18053445957147246,far|1atr,-0.1697163458933281,-0.15160674104951513
NF,1.0,оба,заход<50%,68,60.29411764705882,55.55555555555556,66.17647058823529,0.0020486120040262745,-0.07045682308053071,-0.007052447214720631,0.029446634287782353,-0.012238949626240107,-0.008981000189337292,0.07802969737997124,0.03569066814946698,ce|0.5atr,-0.010797308797527043,0.029446634287782353
NF,1.0,оба,объём≥1.5x,88,53.40909090909091,51.162790697674424,57.95454545454546,-0.059090388646795194,-0.16192587832693803,-0.11518358197655264,-0.2563622317091445,-0.27119087783678053,-0.0807109027111078,-0.048118014670904145,-0.11627013772478847,far|gap,-0.18273902441063097,-0.11518358197655264
E,0.5,оба,—,547,53.74771480804388,52.80373831775701,57.038391224862885,0.01408737302894635,-0.044890973402653,-0.021475704471656726,-0.0338146232775145,-0.03829042759347317,-0.061033168213982955,-0.041507040619421814,-0.03658602088122226,far|0.5atr,-0.0028152033250301014,0.01408737302894635
E,0.5,оба,тренд,482,54.149377593360995,52.71739130434783,56.43153526970954,0.007629234918315904,-0.048374402880105284,-0.044409644181506704,-0.028710978806963723,-0.01604344275233712,-0.062408201343089276,-0.023377039864308967,-0.03851258689112211,far|0.5atr,-0.023861877494599545,0.007629234918315904
E,0.5,оба,EMA200,400,54.0,50.66666666666667,57.99999999999999,0.010189058767031613,-0.05106892442893444,-0.035624939831110536,-0.03746441368287272,-0.015601398780397423,-0.050808397621742545,-0.009501334194590903,-0.017604229952255794,far|0.5atr,-0.03589334232409142,0.010189058767031613
E,0.5,оба,свежий≤24ч,399,53.63408521303258,52.38095238095239,57.14285714285714,0.030423258539450222,-0.03807693320175667,-0.0017432668607829467,-0.001390914355541451,-0.015879130899639153,-0.03025527982865025,-0.042995072391588486,-0.011898708332766444,far|0.5atr,0.009405330299271625,0.030423258539450222
E,0.5,оба,не выходные,439,52.84738041002278,51.53846153846153,56.264236902050115,-0.004779330301270169,-0.06359961503046273,-0.0591018571147073,-0.06180113598766711,-0.055526531931618765,-0.08511564161081103,-0.04503442860277423,-0.0642424853843772,far|0.5atr,-0.014932910345338767,-0.004779330301270169
E,0.5,оба,заход<50%,463,54.85961123110151,53.59477124183007,59.395248380129594,0.023019883983036404,-0.024566981981474036,-0.010827979648923847,-0.043212405607189745,-0.02649163886489263,-0.05280595245486557,-0.028631316428059647,-0.01843954653226445,far|0.5atr,-0.013086018562780783,0.023019883983036404
E,0.5,оба,объём≥1.5x,392,55.61224489795919,54.400000000000006,59.94897959183674,-0.01630833625832152,-0.039079602314151037,-0.040523641400337186,-0.06049971691204587,-0.02162012483572282,-0.05558726291103801,-0.02245265997087083,-0.02529892693990452,far|0.5atr,-0.02770597482235695,-0.01630833625832152
E,0.5,оба,сессия Asia,163,48.466257668711656,40.909090909090914,53.987730061349694,0.015542969797562887,-0.12333392495412297,-0.10198195093632045,0.030147209443048887,-0.0864958560744742,-0.24526903132325648,-0.09218739897223051,-0.12299346339076501,ce|0.5atr,0.0064445996361434275,0.030147209443048887
E,0.5,оба,сессия NY,193,56.994818652849744,55.769230769230774,62.69430051813472,0.007320768089593625,0.021754902871587756,0.02004852127223562,-0.04785358471277226,0.030272465004465215,0.10682631707942786,0.039207815646088544,0.066099888744458,far|gap,0.004234870396259787,0.02004852127223562
E,0.5,bull,—,273,56.41025641025641,51.85185185185185,56.41025641025641,0.012777936319940335,-0.013261049563378015,0.0008251458007002034,-0.02302970359106248,-0.0038430225955048774,-0.10614479326505191,-0.11586988005958188,0.019026357241742214,far|0.5atr,-0.006586539271326954,0.012777936319940335
E,0.5,bull,тренд,239,57.74058577405857,50.70422535211267,55.64853556485355,0.01599183853141463,-0.0016341996368378407,-0.010678900318466333,-0.009924766373672983,0.027491195040717325,-0.08559573425009312,-0.07093832996325364,0.03306666314191642,far|0.5atr,-0.039780256659778905,0.01599183853141463
E,0.5,bull,EMA200,208,58.65384615384615,52.94117647058824,57.21153846153846,0.03093368487418918,0.0186168099151618,0.0057204351988590346,-0.008300712427584882,0.03397672680678706,-0.06168860787295361,-0.06433773974384166,0.06081314392759682,far|0.5atr,-0.08774345053524217,0.03093368487418918
E,0.5,bull,свежий≤24ч,207,56.52173913043478,49.09090909090909,57.48792270531401,0.02518235939383255,-0.0019339715456009336,0.010067971179831232,0.01328636873333984,0.027557592348055285,-0.08015490758755266,-0.1287774610810827,0.05765492612656729,far|0.5atr,0.013222569466520888,0.02518235939383255
E,0.5,bull,не выходные,219,55.25114155251142,50.0,56.62100456621004,0.008796695559218066,-0.039563644563518734,-0.03309893572069691,-0.022980189659277343,-0.024417350207008377,-0.10048073472887202,-0.07330587375879534,-0.014110509580133828,far|0.5atr,-0.004700884851168352,0.008796695559218066
E,0.5,bull,заход<50%,224,57.14285714285714,52.307692307692314,58.48214285714286,0.004570211355065987,-0.00520999635337683,0.0036953115846837742,-0.06438898507340966,-0.015832880316763425,-0.1379196192240343,-0.13420323623278121,0.03364139216428421,far|gap,-0.0009092774680689749,0.0036953115846837742
E,0.5,bull,объём≥1.5x,186,58.06451612903226,49.18032786885246,59.67741935483871,0.00782989762429184,-0.01694176467043549,-0.0023020037562158017,-0.02907267709078596,0.0014794298042860564,-0.07974631135726076,-0.05901833638277652,0.03222769292800023,far|0.5atr,-0.003557134981033079,0.00782989762429184
E,0.5,bull,сессия Asia,84,52.38095238095239,48.0,55.952380952380956,-0.03347050759115423,-0.07096469323336695,-0.08593981432101223,0.0012652616294033564,-0.0420644323805855,-0.20769708085196448,-0.2199906616324818,0.0017050032312544347,ext-0.25atr|1atr,-0.0221207816637701,0.0017050032312544347
E,0.5,bull,сессия NY,88,59.09090909090909,54.83870967741935,65.9090909090909,0.06988818268070007,0.04404119880301336,0.0538724378539436,0.04838910881787625,0.0767030210881107,0.10336334450943362,0.08358471201243661,0.09265651760668878,far|0.5atr,0.01987805097211205,0.06988818268070007
E,0.5,bear,—,274,51.09489051094891,43.28358208955223,57.66423357664233,0.01539203077186111,-0.07640545956368246,-0.04369516477951601,-0.04456018194321303,-0.0726121121352445,-0.01608618413025369,0.03258440159650411,-0.09199543412052626,far|0.5atr,-0.02327351258925127,0.01539203077186111
E,0.5,bear,тренд,243,50.617283950617285,40.0,57.20164609053497,-0.0005957126682297611,-0.09434522006175512,-0.07758514946243938,-0.047187953175508945,-0.058861460993242486,-0.039602356220562816,0.023401348340002844,-0.10891357766435751,ext|2R,-0.04914210282956828,0.023401348340002844
E,0.5,bear,EMA200,192,48.95833333333333,45.0,58.854166666666664,-0.012284286182389087,-0.12656180330170533,-0.08041576278024427,-0.06905842337610124,-0.06931103483318059,-0.039021503182930586,0.049904771817097425,-0.10255638498876275,ext|2R,-0.003414404887885895,0.049904771817097425
E,0.5,bear,свежий≤24ч,192,50.520833333333336,46.93877551020408,56.770833333333336,0.03607360293081927,-0.07704356373729954,-0.014477257873320125,-0.017214860185741608,-0.0627093481510597,0.023542756348916376,0.04948906541427243,-0.08688622048423562,far|0.5atr,0.0027056860465484393,0.03607360293081927
E,0.5,bear,не выходные,220,50.45454545454545,39.21568627450981,55.90909090909091,-0.018293646953301646,-0.08752633108619333,-0.08498658341147218,-0.10044562346910965,-0.08649430828475368,-0.06982038982510487,-0.016891490015644134,-0.11414658857132859,ext|2R,-0.038562226838670485,-0.016891490015644134
E,0.5,bear,заход<50%,239,52.719665271966534,46.666666666666664,60.25104602510461,0.04031162736657354,-0.04270909403458605,-0.024439767248623023,-0.023364900166046372,-0.036481437671507466,0.02696585238318386,0.0703147506692526,-0.06725180706794184,far|0.5atr,0.019573105631168954,0.04031162736657354
E,0.5,bear,объём≥1.5x,206,53.398058252427184,42.5,60.19417475728155,-0.03810305228825396,-0.059068135332263134,-0.07503444043823321,-0.08887558781862036,-0.042477004267963844,-0.033773753148914586,0.010562950769975975,-0.07724043808276998,ext|2R,-0.0409016137700522,0.010562950769975975
E,0.5,bear,сессия Asia,79,44.303797468354425,35.714285714285715,51.89873417721519,0.06765856600835071,-0.17901766501163574,-0.11903941265386335,0.06085712863730489,-0.13373939519202674,-0.28521895334336433,0.043704677780441736,-0.25558423802683633,ce|0.5atr,-0.03209896706328862,0.06085712863730489
E,0.5,bear,сессия NY,105,55.23809523809524,50.0,60.0,-0.04511668413914319,0.003076864376678695,-0.00829914214862442,-0.12851412786226818,-0.008640762951351962,0.10972861789999445,0.0020157501200064533,0.043842904555159844,ext|1atr,-0.004259690748103931,0.10972861789999445
E,0.75,оба,—,316,60.75949367088608,56.00000000000001,68.0379746835443,0.0288400152963589,0.0020600112811900257,-0.014507392065895696,-0.00931807800881055,0.027461861069568206,-0.058136522600428314,0.008121155385396105,0.023126121150441416,far|0.5atr,-0.023605824032478025,0.0288400152963589
E,0.75,оба,тренд,289,59.86159169550172,55.434782608695656,67.82006920415225,0.025380323266761165,-0.022271092890908374,-0.03387090637428313,-0.008379802978303666,0.021739807346829818,-0.07824744481382244,-0.0011579320526065528,0.00802729519294533,far|0.5atr,-0.032627684669085756,0.025380323266761165
E,0.75,оба,EMA200,237,61.60337552742617,56.33802816901409,70.46413502109705,0.043733232813705225,0.00935223884194136,0.004538314171703092,0.0042793042624934925,0.06106794800818101,0.031247046199287108,0.06007754867681301,0.07455462707070801,far|0.5atr,-0.023017375948271163,0.043733232813705225
E,0.75,оба,свежий≤24ч,230,62.60869565217392,53.125,70.43478260869566,0.05547742043104498,0.04183667512944261,0.017395530462974616,0.05546503945091624,0.104957456761819,0.01861679707747688,0.04983911275164282,0.09577726786240626,far|0.5atr,-0.018323009359833962,0.05547742043104498
E,0.75,оба,не выходные,255,58.43137254901961,52.94117647058824,65.88235294117646,-0.0014503689913928602,-0.04081301631813117,-0.06371480439676805,-0.07073728673539893,-0.03772698982051323,-0.09979801553213537,-0.017572596007380658,-0.038392117781519255,far|0.5atr,-0.03793405785192967,-0.0014503689913928602
E,0.75,оба,заход<50%,283,60.7773851590106,57.47126436781609,69.25795053003534,0.03346525210895967,-5.016077380613118e-07,-0.013796951960730889,-0.02226817633348485,0.01280063308301539,-0.07805388700327652,-0.014748463832720422,0.019549254417379133,far|0.5atr,-0.01766398214042545,0.03346525210895967
E,0.75,оба,объём≥1.5x,268,59.70149253731343,56.666666666666664,66.7910447761194,-0.00023816541915553944,-0.03296618044332332,-0.04537018773917485,-0.062405110054522685,-0.05403945563902216,-0.14550508700952797,-0.07068604486550588,-0.051508494041282674,far|0.5atr,-0.031770536513054615,-0.00023816541915553944
E,0.75,оба,сессия Asia,96,56.25,51.162790697674424,63.541666666666664,0.046690862104816246,-0.029424493223372733,-0.10487524703992528,0.06339471902913889,0.04725298363845987,-0.16439820591211843,-0.10445316592697214,0.034950438208110425,ce|0.5atr,-0.011007194557578221,0.06339471902913889
E,0.75,оба,сессия NY,116,59.48275862068966,52.77777777777778,71.55172413793103,-0.019025121307106495,-0.029793049948486826,0.01397599042648296,-0.07356855346227884,-0.03286501115314943,-0.08909228513590092,0.07507656717003644,-0.017189093664088103,far|gap,-0.044634851036943424,0.01397599042648296
E,0.75,bull,—,164,64.02439024390245,51.92307692307693,67.07317073170732,0.06785440260178009,0.053317622836860035,0.051395425305660485,0.033306538501515014,0.09917161366055452,-0.00788402646689718,-0.020950507788989266,0.15965796619169537,far|0.5atr,-0.005636720431663347,0.06785440260178009
E,0.75,bull,тренд,150,63.33333333333333,50.0,66.0,0.06621481695830349,0.02932457102166078,0.029003886808322575,0.0394627699123507,0.09916979552296848,-0.013165941773476462,-0.017056747631218745,0.1477161181370255,far|0.5atr,-0.028637181360730332,0.06621481695830349
E,0.75,bull,EMA200,126,67.46031746031747,56.25,69.04761904761905,0.1100188559721328,0.10255089123621541,0.09373203475914557,0.06949186704199103,0.1590775684003829,0.09201068675388531,0.0674385876069721,0.23042261237990316,far|0.5atr,-0.03157916159066375,0.1100188559721328
E,0.75,bull,свежий≤24ч,122,66.39344262295081,47.05882352941176,71.31147540983606,0.10904819085599023,0.10505141434204668,0.10569015397993405,0.12131279894087978,0.18497270074215388,0.0795629367747372,0.01826802741577694,0.2417500343997537,far|0.5atr,-0.013408912872802452,0.10904819085599023
E,0.75,bull,не выходные,134,61.19402985074627,48.888888888888886,64.92537313432835,0.048159995032996734,-0.0045383854996663385,-0.002541626141106761,-0.003252284121655794,0.03489290688406152,-0.016193158793673893,0.016468465043254554,0.09683506600396713,far|0.5atr,-0.029754903629376356,0.048159995032996734
E,0.75,bull,заход<50%,142,64.7887323943662,53.48837209302325,69.01408450704226,0.07694569106260454,0.061908709110496736,0.07016911386739554,0.021920445327397967,0.10494834641003174,-0.021446161925208505,-0.04848496650771682,0.1770624193735429,far|0.5atr,0.02775913274945394,0.07694569106260454
E,0.75,bull,объём≥1.5x,135,62.22222222222222,53.333333333333336,65.18518518518519,0.05411731367894652,0.0021690447458913055,0.017770279949509128,-0.012555898014862623,0.002643591379794685,-0.08605476996645431,-0.09960962219376986,0.07647853288920184,far|0.5atr,-0.0040361374080058725,0.05411731367894652
E,0.75,bear,—,152,57.23684210526315,53.125,69.07894736842105,-0.013254455217384997,-0.053244253818348616,-0.08561306344046947,-0.05530779582258287,-0.049909187778601254,-0.11235632106029085,0.03948794986302245,-0.12418455376249046,far|0.5atr,-0.04284858275101712,-0.013254455217384997
E,0.75,bear,тренд,139,56.11510791366906,48.148148148148145,69.7841726618705,-0.018685677119795314,-0.07794986689727793,-0.1017214026145051,-0.06000847875958537,-0.06181773385044212,-0.1484792826271454,0.015999063176111612,-0.14271603891937143,ext|2R,-0.03008389086097353,0.015999063176111612
E,0.75,bear,EMA200,111,54.95495495495496,52.63157894736842,72.07207207207207,-0.03150990698775308,-0.09644082603804542,-0.09670861190052894,-0.0697457670007199,-0.05018621568026442,-0.037727897132959536,0.05172177475609186,-0.10237659949648646,far|0.5atr,-0.06980862278666376,-0.03150990698775308
E,0.75,bear,свежий≤24ч,108,58.333333333333336,57.692307692307686,69.44444444444444,-0.005037709123059856,-0.029572567314424952,-0.08234469239877586,-0.018918540713672174,0.014569866339588759,-0.050229768136095025,0.08550274618660252,-0.06911789433718993,far|0.5atr,-0.023892318711803032,-0.005037709123059856
E,0.75,bear,не выходные,121,55.371900826446286,45.45454545454545,66.94214876033058,-0.05639077212584083,-0.08098492152205089,-0.13146030758898794,-0.14547274417541198,-0.11814902418756298,-0.1923852122507621,-0.055270961137836194,-0.1881478419737108,far|0.5atr,-0.07849879345540164,-0.05639077212584083
E,0.75,bear,заход<50%,141,56.73758865248227,53.333333333333336,69.50354609929079,-0.010323558752157872,-0.06234878474241424,-0.09835852180182275,-0.06677019247423209,-0.08000061012575287,-0.13506308530884858,0.019227304818694405,-0.13908102518386375,far|0.5atr,-0.05182574432533046,-0.010323558752157872
E,0.75,bear,объём≥1.5x,133,57.14285714285714,47.82608695652174,68.42105263157895,-0.05541102014279295,-0.06862975488350356,-0.10946013614498193,-0.11300393430530546,-0.1115748793047385,-0.20584939378257266,-0.04132752652478674,-0.18142013791809025,ext|2R,-0.09563503842724388,-0.04132752652478674
E,1.0,оба,—,185,63.78378378378379,57.14285714285714,71.89189189189189,0.021443316655911756,-0.01926844938181928,-0.027585779091401176,-0.028449838200339826,-0.02932322604146703,-0.18645507470624265,-0.07359060717440795,-0.029437662795463698,far|0.5atr,-0.005956516517003108,0.021443316655911756
E,1.0,оба,тренд,173,63.58381502890174,56.60377358490566,72.25433526011561,0.02431972952433755,-0.028025472265340905,-0.03406695168828251,-0.0056347838004470845,0.0007602104214535783,-0.1365649678216562,-0.0536402801746126,0.002227539738005231,far|0.5atr,0.0009923402117333294,0.02431972952433755
E,1.0,оба,EMA200,144,64.58333333333334,59.523809523809526,72.91666666666666,0.03151624689606682,-0.011709440082848736,-0.012891551618641259,-0.003644274253531856,0.011088091953761184,-0.06680669237750467,0.0008477513758870576,0.05203971084342411,far|0.5atr,0.010048240296619158,0.03151624689606682
E,1.0,оба,свежий≤24ч,131,65.64885496183206,51.35135135135135,74.04580152671755,0.043660412706521386,0.01088600021182721,0.007959500059327072,0.02706995898359038,0.030154299842877843,-0.17400732344821862,-0.07385758621804216,0.025458148108985983,far|0.5atr,-0.06459687091124056,0.043660412706521386
E,1.0,оба,не выходные,152,60.526315789473685,54.166666666666664,70.39473684210526,-0.014702708689706417,-0.0709178074797363,-0.0887388863756275,-0.0952266039061299,-0.07995069249447712,-0.20744364542252416,-0.1440172285646944,-0.07143354247700434,far|0.5atr,-0.04409740586639887,-0.014702708689706417
E,1.0,оба,заход<50%,168,64.28571428571429,56.25,73.80952380952381,0.014070975877051271,-0.0075626694160651235,-0.017872564806411424,-0.04528736168722697,-0.021828658857575164,-0.20197337496419826,-0.06313421990011593,-0.022584801227099705,far|0.5atr,-0.020691447608320136,0.014070975877051271
E,1.0,оба,объём≥1.5x,170,62.94117647058823,57.692307692307686,71.76470588235294,0.011446434262147667,-0.04001623016303573,-0.04838480217201957,-0.04281224430323472,-0.057280059030524494,-0.20414401874719404,-0.0886831222585809,-0.06588525722201005,far|0.5atr,-0.0036244165076306,0.011446434262147667
E,1.0,оба,сессия NY,63,63.49206349206349,54.54545454545454,76.19047619047619,-0.01951016537521302,-0.053270559543526545,0.056406231099957474,-0.1255011187399576,-0.10412790101687415,-0.11970155470743882,0.02862582623790949,-0.04594169265328779,far|gap,-0.03161439215037356,0.056406231099957474
E,1.0,bull,—,101,64.35643564356435,53.57142857142857,69.3069306930693,0.08266875369917888,-0.013650076890445728,-0.002962498345678739,0.012218877203978898,-3.34092788158375e-05,-0.060514348072756706,-0.11489472349860372,0.09888164986866528,far|0.5atr,0.06820682437587185,0.08266875369917888
E,1.0,bull,тренд,97,63.91752577319587,51.85185185185185,68.04123711340206,0.07334756394768283,-0.024455365284021407,-0.01936811646053434,0.021203505625025418,0.018934051267043495,-0.0162271315019101,-0.10377783168758589,0.12353212377921824,far|0.5atr,0.061167210148169206,0.07334756394768283
E,1.0,bull,EMA200,82,68.29268292682927,63.1578947368421,69.51219512195121,0.10200155935761084,0.04027378186179204,0.028803688968219134,0.03492393717547012,0.06030602060397434,0.0530042945158712,-0.027295904777750762,0.18953218597848484,far|0.5atr,0.027852791190810616,0.10200155935761084
E,1.0,bull,свежий≤24ч,76,65.78947368421053,47.61904761904761,72.36842105263158,0.1271989301911967,0.014450399421195134,0.04082828813405685,0.09673285900498003,0.0541630707097596,-0.03194916058778808,-0.12259585910953452,0.16802346437329146,far|0.5atr,0.06874477078107823,0.1271989301911967
E,1.0,bull,не выходные,84,60.71428571428571,52.0,67.85714285714286,0.057697209262223645,-0.07960730064442534,-0.07418098167090192,-0.02815297021389748,-0.053047897252359914,-0.07921692929411966,-0.12794823495514285,0.047803366992373586,far|0.5atr,0.04183565058482398,0.057697209262223645
E,1.0,bull,заход<50%,89,65.1685393258427,52.17391304347826,71.91011235955057,0.07446500026357768,0.0016287507086543615,0.021283085352493,-0.007436703642009713,0.019434796498287634,-0.06679467842905167,-0.12173431601972746,0.12392915824547619,far|0.5atr,0.0259577522843372,0.07446500026357768
E,1.0,bull,объём≥1.5x,89,62.92134831460674,56.00000000000001,68.53932584269663,0.06779465220757543,-0.0464196679193309,-0.030239420368811405,-0.0054675539036315,-0.02916670507191825,-0.043896734762805104,-0.11547220171929354,0.06278621446890452,far|0.5atr,0.046016927005919306,0.06779465220757543
E,1.0,bear,—,84,63.095238095238095,60.71428571428571,75.0,-0.05217298264611178,-0.02602387344882798,-0.05719234284518648,-0.0773491269602945,-0.06454074381560718,-0.33788380553936254,-0.02392732445126778,-0.18372636016542834,far|1atr,-0.05901712436399508,-0.02602387344882798
E,1.0,bear,тренд,76,63.1578947368421,58.333333333333336,77.63157894736842,-0.038255269673879454,-0.03258205617570921,-0.052827307176329545,-0.039888916356642254,-0.02243534960515463,-0.2901540483876479,0.010351068466945458,-0.15259541620933248,far|0.5atr,-0.06153901739469418,-0.038255269673879454
E,1.0,bear,EMA200,62,59.67741935483871,55.55555555555556,77.41935483870968,-0.061706263133717174,-0.08046144329995429,-0.06803686981416625,-0.05465384420801832,-0.05400658787394007,-0.22526638472035662,0.03807000628876275,-0.12980517562552715,ce|1atr,-0.11384782764084989,-0.05400658787394007
E,1.0,bear,не выходные,68,60.29411764705882,50.0,73.52941176470588,-0.10413790145385532,-0.060183727688061656,-0.10672218042264142,-0.17808226905535815,-0.11318355720532776,-0.3658413535811415,-0.16386716184708153,-0.21872619535094182,far|0.5atr,-0.1375029020090324,-0.10413790145385532
E,1.0,bear,заход<50%,79,63.29113924050633,60.0,75.9493670886076,-0.053967861722959504,-0.017917560442647824,-0.06198462637783542,-0.08792924226981351,-0.06831533641038261,-0.35426329890885705,0.002883609905522356,-0.18764483151898895,far|1atr,-0.057757493554805,-0.017917560442647824
E,1.0,bear,объём≥1.5x,81,62.96296296296296,58.333333333333336,75.30864197530865,-0.05046703977665568,-0.032980354109822536,-0.06832232044961863,-0.08384529918674938,-0.08817004054059803,-0.3802181949769547,-0.05924820778940284,-0.20726502241326183,far|0.5atr,-0.09449395034477147,-0.05046703977665568
E,1.5,оба,—,67,64.17910447761194,56.52173913043478,76.11940298507463,0.01383253199504118,-0.08988831874712035,-0.13583771271690168,-0.02705810193198695,-0.05926323654675224,-0.18284031312970864,-0.1128470312407248,-0.14964298077816085,far|0.5atr,-0.021937171115315797,0.01383253199504118
E,1.5,оба,тренд,65,64.61538461538461,54.54545454545454,76.92307692307693,0.026173641535379634,-0.08503906365256969,-0.13794964874950832,0.004324070406202938,-0.02887199142747824,-0.15497359981066405,-0.08282667847894215,-0.12164102089224549,far|0.5atr,0.015461069034947091,0.026173641535379634
E,1.5,оба,заход<50%,63,63.49206349206349,52.38095238095239,76.19047619047619,0.002399368408630331,-0.09752539452435131,-0.16302072570590698,-0.050121569674716204,-0.07622198654892229,-0.2020855938949865,-0.1482251288616368,-0.16377665822538254,far|0.5atr,-0.041062783366167935,0.002399368408630331
E,1.5,оба,объём≥1.5x,67,64.17910447761194,56.52173913043478,76.11940298507463,0.01383253199504118,-0.08988831874712035,-0.13583771271690168,-0.02705810193198695,-0.05926323654675224,-0.18284031312970864,-0.1128470312407248,-0.14964298077816085,far|0.5atr,-0.021937171115315797,0.01383253199504118
D,0.5,оба,—,397,57.17884130982368,55.33980582524271,59.19395465994962,0.01580282027374214,-0.03335476790491466,0.005970306773627891,-0.0032664428292576895,0.0022415473815022473,-0.0030501943055959773,0.028828248414671156,0.021992985981967004,far|gap,-0.011893769666752452,0.005970306773627891
D,0.5,оба,тренд,345,57.971014492753625,55.78947368421052,58.550724637681164,0.010889010284637063,-0.03354314241808792,-0.012259762307597753,-0.0031790901840536494,0.011844261481822965,-0.01297969301776513,0.03561083427385568,0.020653234990410548,far|gap,-0.03412759190397415,-0.012259762307597753
D,0.5,оба,EMA200,279,58.78136200716846,54.929577464788736,61.29032258064516,0.022911417026808833,-0.021904617190099663,0.013153485119093263,0.007881897897998263,0.024015616456519402,0.04338265791088965,0.09991449888754111,0.05156709134613686,far|0.5atr,-0.030466166712735072,0.022911417026808833
D,0.5,оба,свежий≤24ч,306,55.55555555555556,52.0,57.51633986928104,0.016210627726734855,-0.05505476634147066,0.004858412311276572,0.01086990500579446,-0.010874172688207518,-0.018294453887685563,0.007452854620412325,0.014234126268139025,far|gap,-0.014254963942351916,0.004858412311276572
D,0.5,оба,не выходные,317,57.09779179810725,53.40909090909091,58.359621451104104,0.009514138930641155,-0.03867842623762339,-0.022370543973135155,-0.01058800241783439,-0.0074462406509668,-0.03401243780418983,0.004257618742561666,0.006507286120480101,far|0.5atr,-0.06471580546327461,0.009514138930641155
D,0.5,оба,заход<50%,339,57.817109144542776,55.172413793103445,60.17699115044248,0.025373509598848484,-0.023357515870120762,0.010571624366035927,-0.004349488519331369,0.00654268162431238,0.0075806682629771275,0.05617761623127315,0.03566273863201967,far|gap,-0.011602371510288048,0.010571624366035927
D,0.5,оба,объём≥1.5x,286,60.13986013986013,53.65853658536586,61.53846153846154,0.020225074252154047,-0.0003809439779315259,0.007140764565002152,-0.00809451375408402,0.023568413631814604,0.008430437209354862,0.04997458625031998,0.06744068048476173,far|0.5atr,-0.05812472833650056,0.020225074252154047
D,0.5,оба,сессия Asia,109,57.798165137614674,54.54545454545454,57.798165137614674,-0.004112755104983836,0.007965037047268402,-0.03005759380769521,0.05573147030439601,0.08156866169346613,-0.07188739092392069,-0.04660115264512042,0.08145907568705185,ce|1atr,0.008946026673616719,0.08156866169346613
D,0.5,оба,сессия NY,139,58.992805755395686,57.49999999999999,64.02877697841727,0.04093864192682927,-0.004745853908485067,0.06526975311790359,0.04803897087532754,0.053186293922402206,0.0958789222142891,0.11816264451843324,0.1066407142241445,ext-0.25atr|1atr,0.0653196288176775,0.1066407142241445
D,0.5,bull,—,195,60.0,56.00000000000001,60.0,0.03989482138214987,-0.007223163476080143,0.0360194642998251,-0.008440439402653637,0.03432601587428321,0.013923083240318535,-0.07146759904483142,0.08480982473449596,far|0.5atr,-0.017840700749655065,0.03989482138214987
D,0.5,bull,тренд,170,61.1764705882353,54.54545454545454,58.82352941176471,0.05039666418830345,-0.0042861727188223,0.030385545104595083,-0.0001117504607985379,0.04708864297258464,0.009552276076634477,-0.043006647215851436,0.07335982377822939,far|0.5atr,-0.05261867246197287,0.05039666418830345
D,0.5,bull,EMA200,147,61.904761904761905,54.83870967741935,61.224489795918366,0.06492903492985906,0.007112564054379119,0.040128637513490634,0.008026737704085487,0.04845141252899889,0.05461537259344569,0.01084424622881752,0.0875276209921074,far|1atr,-0.08415595622707502,0.007112564054379119
D,0.5,bull,свежий≤24ч,154,59.09090909090909,55.26315789473685,61.038961038961034,0.053184873440047555,-0.004156817362807053,0.05889720636155177,0.03423973831646839,0.05813451611689651,0.02679106704825627,-0.05209501470728835,0.10821673047362196,far|gap,0.00864302156005356,0.05889720636155177
D,0.5,bull,не выходные,158,59.49367088607595,52.17391304347826,60.12658227848101,0.05600050296679626,-0.01774538213060214,0.008336444359194908,0.005900705558392187,0.03356392553471771,0.03116768290512396,-0.05555981642368765,0.06956206816356211,far|0.5atr,-0.009473524683918155,0.05600050296679626
D,0.5,bull,заход<50%,160,60.62499999999999,53.65853658536586,60.62499999999999,0.04179864470240755,0.003969214639606639,0.03643828286969869,-0.02509030957093684,0.043485313289462785,0.019259555226912972,-0.08053641224371542,0.11466298996576278,far|gap,-0.013154771258116501,0.03643828286969869
D,0.5,bull,объём≥1.5x,131,64.12213740458014,50.0,63.358778625954194,0.049967170819734036,0.04995297903164704,0.06918708408183188,-0.010354032553674805,0.09336011423918472,0.125641890850406,0.026289593311280463,0.17983652493711927,far|0.5atr,-0.01628536786773972,0.049967170819734036
D,0.5,bull,сессия NY,62,58.06451612903226,57.14285714285714,67.74193548387096,0.06714217432654099,-0.050399542531078596,0.05910993111978762,0.08347145200540602,0.020719820398254436,0.1604822024368649,0.08148186213953197,0.09772218533200576,ext|1atr,0.023028760524189923,0.1604822024368649
D,0.5,bear,—,202,54.45544554455446,46.15384615384615,58.415841584158414,-0.007454309509126721,-0.058580821685225194,-0.023037543313542685,0.0017282568331789885,-0.02873108309420216,-0.019435288966256046,0.12564849719983454,-0.038647031625672346,ext|2R,0.08115089583214363,0.12564849719983454
D,0.5,bear,тренд,175,54.85714285714286,46.34146341463415,58.285714285714285,-0.027489853507495977,-0.061964198697374524,-0.053686632365156514,-0.006158791629501462,-0.02239313768063123,-0.03486789156661048,0.11198210200671406,-0.03054745126061348,ext|2R,0.08011078240714921,0.11198210200671406
D,0.5,bear,EMA200,132,55.3030303030303,53.84615384615385,61.36363636363637,-0.023880930183406215,-0.05421920539417832,-0.016887025501940187,0.007720599023037452,-0.003196974624196417,0.030873498378043127,0.19910637116657418,0.011520137876760575,ext|2R,0.11007631293966365,0.19910637116657418
D,0.5,bear,свежий≤24ч,152,51.973684210526315,45.0,53.94736842105263,-0.021250121219647755,-0.1066224251751167,-0.04989141850281803,-0.012807426111598866,-0.08079087055653665,-0.06397320536225817,0.06778424854453009,-0.08098509115057391,ext|2R,0.04176712794260213,0.06778424854453009
D,0.5,bear,не выходные,159,54.71698113207547,43.24324324324324,56.60377358490566,-0.03667985803610414,-0.05947981597919166,-0.05288440659268325,-0.026973007828172763,-0.04819848126315647,-0.09878262064740731,0.06369884362474655,-0.0561509249663561,ext|2R,-0.040321240289336736,0.06369884362474655
D,0.5,bear,заход<50%,179,55.3072625698324,47.91666666666667,59.77653631284916,0.010691824590080605,-0.04778364370004472,-0.012549411167964332,0.014189792867578568,-0.026478665115486855,-0.0028585603081387155,0.1783800997843356,-0.03495201116350486,ext|2R,0.1531404941813834,0.1783800997843356
D,0.5,bear,объём≥1.5x,155,56.774193548387096,42.42424242424242,60.0,-0.004911794459800641,-0.04292122729570436,-0.045298382897608784,-0.006184855929913738,-0.03541683010731757,-0.09063214619050128,0.06999222544395979,-0.027551936439488826,ext|2R,-0.01440081591286184,0.06999222544395979
D,0.5,bear,сессия NY,77,59.74025974025974,56.25,61.038961038961034,0.019839693760827625,0.03201425900840841,0.07022960979171125,0.01950892113422538,0.07932812974704069,0.0438606965805267,0.14769781994040568,0.11382186735807441,ext|2R,0.0816249895547978,0.14769781994040568
D,0.75,оба,—,230,65.65217391304347,56.25,68.26086956521739,0.02953334576810725,0.04713441470610979,0.016716331601575384,-0.008629916587259156,0.06781106315880563,0.03699758644808946,0.066462351816247,0.10295490784921854,far|gap,-0.0855150680340985,0.016716331601575384
D,0.75,оба,тренд,207,65.70048309178745,56.896551724137936,68.11594202898551,0.027302986114690696,0.03748780525118583,0.005651771966688506,-0.003782599471244102,0.06808059499724486,0.02685580641448237,0.07942409507065587,0.09412365576798991,far|gap,-0.07941720489492088,0.005651771966688506
D,0.75,оба,EMA200,163,68.71165644171779,58.139534883720934,71.77914110429448,0.04284612911174895,0.08101705853994128,0.05063697193194775,0.01548170026754517,0.1211454205611749,0.15146107053029964,0.17381127944401709,0.16370288187456639,far|0.5atr,-0.035887184647870725,0.04284612911174895
D,0.75,оба,свежий≤24ч,176,67.04545454545455,53.333333333333336,69.88636363636364,0.04181028872967027,0.08018392159107665,0.04432368854783033,0.02485584296598969,0.11393235538872987,0.08332843751520848,0.09891837326268202,0.1517527550691318,far|gap,-0.09013776805838192,0.04432368854783033
D,0.75,оба,не выходные,187,62.56684491978609,51.78571428571429,65.24064171122996,-0.008264598023805384,-0.012109566224191664,-0.044381888806645495,-0.060648706051431106,-0.009551298936516888,-0.048737185128701156,-0.016826740914371006,0.01867001224248446,far|0.5atr,-0.13963025427621975,-0.008264598023805384
D,0.75,оба,заход<50%,211,64.45497630331754,55.932203389830505,67.77251184834124,0.0246842815644405,0.026789881581521402,0.0016824406521476851,-0.021547359544441452,0.03608521570739211,0.011810309296116794,0.03949078813918991,0.08480855946732109,far|gap,-0.06029055945207468,0.0016824406521476851
D,0.75,оба,объём≥1.5x,196,63.26530612244898,56.666666666666664,66.3265306122449,0.003596175694954442,-0.0053228900765752325,-0.025730089377523104,-0.047300907781459116,-0.013761955054347451,-0.037042790909149845,0.003847789846047448,0.03998764652372281,far|0.5atr,-0.07141454364857987,0.003596175694954442
D,0.75,оба,сессия Asia,67,61.19402985074627,47.61904761904761,62.68656716417911,-0.0038253521572350004,0.01722694993545022,-0.027314337237151484,0.05242757335681427,0.0780391948433435,-0.10121317092727433,-0.053512678088184544,0.13583326482386954,ce|0.5atr,-0.020755150485919596,0.05242757335681427
D,0.75,оба,сессия NY,80,66.25,60.86956521739131,71.25,0.022575917342780322,0.04237241873946509,0.06051409300069795,0.004118728983005493,0.09661011022724729,0.07034259170934486,0.1515678786394375,0.12118636458719825,ext-0.25atr|1atr,-0.014758170905528879,0.12118636458719825
D,0.75,bull,—,122,69.67213114754098,53.125,68.0327868852459,0.035593060108637935,0.10670340393124875,0.06983679281777248,-0.02416083528601574,0.17074320890620182,0.11517506819609055,0.017698153265995855,0.25747600833055606,far|0.5atr,-0.08816623740840956,0.035593060108637935
D,0.75,bull,тренд,111,69.36936936936937,50.0,66.66666666666666,0.029316152954652466,0.08975333327177519,0.05306490231395173,-0.026328918852264488,0.16507917115311874,0.11913284550171438,0.04842107434530101,0.2349862792976691,far|0.5atr,-0.10732273468553567,0.029316152954652466
D,0.75,bull,EMA200,92,73.91304347826086,52.63157894736842,70.65217391304348,0.0798639925656719,0.16538596499113972,0.1127356701415738,0.01091040157849634,0.22653629526904634,0.2503843379410874,0.1736453668477828,0.3107740649332914,far|0.5atr,-0.08799549684708632,0.0798639925656719
D,0.75,bull,свежий≤24ч,95,70.52631578947368,47.82608695652174,71.57894736842105,0.04224292887000047,0.14018579905319353,0.11310911930868599,0.015072433952777062,0.21789452078061725,0.15257336859996218,0.0544127362167922,0.2972340374907753,far|0.5atr,-0.1070869671067855,0.04224292887000047
D,0.75,bull,не выходные,101,65.34653465346535,48.275862068965516,65.34653465346535,0.005295387506586596,0.02642524390567802,-0.011539300426593603,-0.05319890077602408,0.09668682063246338,0.056789311069149466,-0.04161810302768128,0.1698113319889704,far|0.5atr,-0.1337170403465407,0.005295387506586596
D,0.75,bull,заход<50%,109,67.88990825688074,51.724137931034484,66.97247706422019,0.01796836302941578,0.0779011554603802,0.05247641185765629,-0.05100589188814352,0.13929840532287283,0.08555928231790871,-0.04714131373884496,0.24084886860448093,far|0.5atr,-0.07789968819350217,0.01796836302941578
D,0.75,bull,объём≥1.5x,99,65.65656565656566,53.57142857142857,64.64646464646465,-0.0020181974799680993,0.02841442117042293,0.020221632581585054,-0.06622055335511076,0.07681894538479707,0.06943940610160121,-0.03356534944850154,0.1981552090827426,far|0.5atr,-0.10174974490131561,-0.0020181974799680993
D,0.75,bear,—,108,61.111111111111114,52.0,68.51851851851852,0.022688112901952204,-0.020156480529695313,-0.04329011532783248,0.008914269350225127,-0.048464138518808625,-0.051314013304282105,0.12154783536375298,-0.0715967056574775,ext|2R,-0.06842063421385572,0.12154783536375298
D,0.75,bear,тренд,96,61.458333333333336,47.61904761904761,69.79166666666666,0.024975261955984873,-0.02294421152262059,-0.04916965999733453,0.022286582313060733,-0.0440740086829843,-0.07983952003012966,0.11527133778434744,-0.06874875268820159,ext|2R,0.0014445444177181891,0.11527133778434744
D,0.75,bear,EMA200,71,61.97183098591549,50.0,73.23943661971832,-0.005120679870799138,-0.028306031509498918,-0.029828946874891647,0.021405073216735192,-0.015417403003954291,0.023278808533222548,0.17402626477998268,-0.026868228567725132,ce|1atr,-0.07961480900762231,-0.015417403003954291
D,0.75,bear,свежий≤24ч,81,62.96296296296296,57.89473684210527,67.90123456790124,0.041302871281134856,0.009811349258964264,-0.03635058209761762,0.03633021156173293,-0.007998579330150394,0.002115246736793607,0.1511163426374911,-0.01887344036365997,ext|2R,0.0906460075312678,0.1511163426374911
D,0.75,bear,не выходные,86,59.30232558139535,43.75,65.11627906976744,-0.024189697309498315,-0.057365564167410725,-0.0829528356250785,-0.0693978959678975,-0.13431932308148206,-0.172669465547107,0.012288695986144576,-0.1588331655993188,far|0.5atr,-0.14598148405254177,-0.024189697309498315
D,0.75,bear,заход<50%,102,60.78431372549019,54.166666666666664,68.62745098039215,0.03186109646951594,-0.027829028740004185,-0.05259739132236637,0.009932836783632295,-0.07421123201895494,-0.0669998677565825,0.13206823034218793,-0.08194039833611444,ext|2R,-0.0031608182043987893,0.13206823034218793
D,0.75,bear,объём≥1.5x,97,60.824742268041234,47.368421052631575,68.04123711340206,0.009326309141524857,-0.03975581598845996,-0.07262926952135516,-0.0279911664227837,-0.10621050292522691,-0.1457204971366175,0.04203233407450476,-0.12144110289218393,ext|2R,-0.06842063421385572,0.04203233407450476
D,1.0,оба,—,137,64.96350364963503,50.0,68.61313868613139,-0.01565441044853631,-0.03327438120137937,-0.04798901712416801,-0.07000125636581553,-0.03468942584651184,-0.11539135327524945,-0.04668109810794818,0.0119600984965198,far|0.5atr,-0.1456465906092448,-0.01565441044853631
D,1.0,оба,тренд,127,66.14173228346458,52.63157894736842,69.29133858267717,-0.008609357022594593,-0.01994413475327375,-0.04170457982099522,-0.02881557332955669,0.013331626577845064,-0.058371565623652935,0.011544571600515635,0.06432672488402712,far|0.5atr,-0.13418006462787235,-0.008609357022594593
D,1.0,оба,EMA200,103,68.93203883495146,58.06451612903226,70.87378640776699,0.004765389370673415,0.018651395988111073,-0.006044323504574534,-0.02167533973784133,0.03322852726676961,0.015193824755270643,0.07091140668528427,0.09176268108636727,far|0.5atr,-0.05521410525315497,0.004765389370673415
D,1.0,оба,свежий≤24ч,100,67.0,46.42857142857143,71.0,-0.0006532789120457546,-0.002396540249761407,-0.008172627067340565,-0.041728221529131956,-0.0034172947312572166,-0.11394845773467713,-0.05655562251912936,0.05313291796915689,far|0.5atr,-0.17621677651059198,-0.0006532789120457546
D,1.0,оба,не выходные,116,61.206896551724135,45.714285714285715,66.37931034482759,-0.050459101591101355,-0.08956159503603392,-0.10068822215802523,-0.11439943631699767,-0.10366674327946274,-0.16644767127594184,-0.14263501214835875,-0.06369669855883527,far|0.5atr,-0.19424867540285345,-0.050459101591101355
D,1.0,оба,заход<50%,126,64.28571428571429,47.22222222222222,69.04761904761905,-0.017052114561571186,-0.04125200428107435,-0.05112869181905328,-0.08445325644972344,-0.05628431541674869,-0.1396867262071715,-0.030616128783917895,0.004312499447776592,far|0.5atr,-0.15262712161087716,-0.017052114561571186
D,1.0,оба,объём≥1.5x,125,64.0,50.0,68.8,-0.022354353828061595,-0.053092014214667305,-0.051934319638422814,-0.0586642751167238,-0.045985675310039484,-0.11873996270246051,-0.04407563096736309,0.012850246221041244,far|0.5atr,-0.13252951058607737,-0.022354353828061595
D,1.0,bull,—,75,66.66666666666666,50.0,66.66666666666666,0.008072722028272777,-0.00156714622504033,-0.014779113184611656,-0.0700212527897415,0.04770702917819845,0.03768935074129607,-0.02145006076674294,0.16295023864803415,far|0.5atr,-0.11441189082402328,0.008072722028272777
D,1.0,bull,тренд,72,66.66666666666666,50.0,65.27777777777779,-0.0034197409757530293,-0.005381251798090899,-0.021919551691233545,-0.049966568010804985,0.06552041667454764,0.08461444030742686,0.023010886653219584,0.18657354936548382,far|0.5atr,-0.11441189082402328,-0.0034197409757530293
D,1.0,bull,не выходные,63,61.904761904761905,47.05882352941176,65.07936507936508,-0.017970005109114152,-0.07747945625413412,-0.09616128456430548,-0.08844781270257714,-0.008433475520535295,-0.01058452059959403,-0.10450878823289515,0.09263688290759611,far|0.5atr,-0.13470702909378637,-0.017970005109114152
D,1.0,bull,заход<50%,68,64.70588235294117,43.75,66.17647058823529,-0.01603652098683291,-0.029706842148188157,-0.025956160359642582,-0.11555431633196993,0.004793000433435583,-0.00016644084468201686,-0.04776519203421789,0.14664735540723683,far|0.5atr,-0.16006568384958522,-0.01603652098683291
D,1.0,bull,объём≥1.5x,64,64.0625,50.0,65.625,-0.016697809028075238,-0.05031127268721112,-0.032034406726511776,-0.06303667286440079,0.02409966060882468,0.042148605631847094,-0.0284095092765283,0.17389256920040003,far|0.5atr,-0.0793544882958479,-0.016697809028075238
D,1.0,bear,—,62,62.903225806451616,50.0,70.96774193548387,-0.04435658683177308,-0.0716299073824347,-0.08816228801879271,-0.06997706714332445,-0.13436255692479038,-0.3005696242630062,-0.07720251424650293,-0.17068926458998948,ce|0.5atr,-0.1453703083085365,-0.06997706714332445
D,1.0,bear,объём≥1.5x,61,63.934426229508205,50.0,72.1311475409836,-0.028289089355916106,-0.05600951352216237,-0.07281291679190324,-0.05407684141424298,-0.11951783102819197,-0.28754108357779956,-0.06051221765938649,-0.15611219100320406,ce|0.5atr,-0.11452477284961383,-0.05407684141424298
A→D,0.5,оба,—,395,57.21518987341773,55.33980582524271,58.9873417721519,0.011520524895250728,-0.03533528521810061,0.0008938574196203906,-0.0025728287945598273,0.002563345218888437,-0.0023271332238838345,0.02754249932389729,0.024395629753305153,far|gap,-0.011371123048383003,0.0008938574196203906
A→D,0.5,оба,тренд,343,58.01749271137027,55.78947368421052,58.309037900874635,0.006062300842806016,-0.035549970029710866,-0.017986832512469256,-0.0020245741395351147,0.013002654811223965,-0.010368279600540238,0.0341219892210163,0.0241171709482081,far|0.5atr,-0.02651096207204446,0.006062300842806016
A→D,0.5,оба,EMA200,278,58.992805755395686,54.929577464788736,61.15107913669065,0.01872960981873701,-0.02059674749365729,0.00898344941489101,0.005970151443213243,0.022416896879331676,0.04317281496662795,0.09419377460301998,0.053201410466171835,far|0.5atr,-0.033983129334592375,0.01872960981873701
A→D,0.5,оба,свежий≤24ч,304,55.5921052631579,52.0,57.23684210526315,0.007103370725390446,-0.05751978407058604,-0.0015345239115019409,0.00843063628674655,-0.009890229649289562,-0.015884972204025762,0.005593427457020803,0.017945709617734833,far|gap,-0.013530148189807,-0.0015345239115019409
A→D,0.5,оба,не выходные,316,57.27848101265823,53.40909090909091,58.22784810126582,0.006177902399298222,-0.03665220437952723,-0.02578217306029305,-0.011416359354367155,-0.006739475897379615,-0.03338753133433291,-0.0013409021066545365,0.008379896117106257,far|0.5atr,-0.0515774835444361,0.006177902399298222
A→D,0.5,оба,заход<50%,338,57.692307692307686,55.172413793103445,60.05917159763313,0.022108398707560782,-0.026929438734851176,0.00256081239191073,3.028691771432171e-05,0.007744238051543184,0.008275193797571434,0.051199859295615706,0.036916926055139444,far|0.5atr,-0.005614946901677891,0.022108398707560782
A→D,0.5,оба,объём≥1.5x,284,60.2112676056338,53.65853658536586,61.267605633802816,0.02049023871205819,-0.0014803415337563005,0.0009447258136174832,-0.005513731901570478,0.027723426084012254,0.01329302973242264,0.04789409438542109,0.07278500396059193,far|0.5atr,-0.04398379932804393,0.02049023871205819
A→D,0.5,оба,сессия Asia,109,57.798165137614674,54.54545454545454,57.798165137614674,-0.0053782189230884994,0.0076047464648426235,-0.04723329962028122,0.052450279527597045,0.0805318597639907,-0.0705733936556382,-0.04528715537683792,0.07939269975335266,ce|0.5atr,0.006689277560768519,0.052450279527597045
A→D,0.5,оба,сессия NY,138,59.42028985507246,57.8125,63.76811594202898,0.03720456614883657,-0.0003029612666345994,0.07084688412692611,0.040187429814395235,0.05409882476320568,0.09558094282026416,0.1055823365569553,0.11055170507806977,ext-0.25atr|1atr,0.06172589629354573,0.11055170507806977
A→D,0.5,bull,—,194,60.30927835051546,56.00000000000001,59.79381443298969,0.02924872633833948,-0.0045534996003144396,0.04003342793285133,-0.01477807890920668,0.03339438002527931,0.013913965266756806,-0.08112867433418712,0.08659372828360513,far|gap,-0.017520435451565244,0.04003342793285133
A→D,0.5,bull,тренд,169,61.53846153846154,54.54545454545454,58.57988165680473,0.03829191935417953,-0.0010945713376254815,0.03504180241851319,-0.007181571345989727,0.04641148195068941,0.01042478173618202,-0.05393280879634446,0.07562287057399093,far|0.5atr,-0.055802065644199914,0.03829191935417953
A→D,0.5,bull,EMA200,146,62.328767123287676,54.83870967741935,60.95890410958904,0.05117223395327065,0.011216070720692453,0.04589981111920923,0.00033528751847458285,0.04860750991290356,0.05552761677643537,-0.001840680592569489,0.09196548266749735,far|1atr,-0.08433271872943296,0.011216070720692453
A→D,0.5,bull,свежий≤24ч,153,59.47712418300654,55.26315789473685,60.78431372549019,0.03977276633912391,-0.0007517118856056014,0.06413633503389696,0.02648273252200977,0.0571088373295492,0.026863610165491283,-0.06421838739877507,0.11063165984791154,far|gap,0.004272732340143035,0.06413633503389696
A→D,0.5,bull,не выходные,157,59.87261146496815,52.17391304347826,59.87261146496815,0.04399359295742048,-0.012074261173738533,0.014435216602567913,0.0007941456462940926,0.0385438272812547,0.034800980399905,-0.06835644182095993,0.07513506910946048,far|0.5atr,-0.009675895429290336,0.04399359295742048
A→D,0.5,bull,заход<50%,160,60.62499999999999,53.65853658536586,60.62499999999999,0.03168598345176835,0.0028926293769299615,0.03563326798580076,-0.026671652690063653,0.04070307355375807,0.01640376461347607,-0.0989720178241746,0.11162277322764003,far|gap,-0.011941678262121634,0.03563326798580076
A→D,0.5,bull,объём≥1.5x,130,64.61538461538461,50.0,63.07692307692307,0.04739843656504388,0.0569022740564536,0.07681491520615408,-0.016956095028337354,0.09867609561384562,0.1310725391982998,0.011780836334076698,0.1854135599545432,far|0.5atr,-0.01697703125113204,0.04739843656504388
A→D,0.5,bull,сессия NY,61,59.01639344262295,57.14285714285714,67.21311475409836,0.06174943128149693,-0.035996628495635605,0.07541188935258004,0.07265241651849128,0.034199128158041284,0.17471750657316143,0.051027042696871555,0.11330283514876138,ext|1atr,0.023028760524189923,0.17471750657316143
A→D,0.5,bear,—,201,54.22885572139303,45.09803921568628,58.2089552238806,-0.00559027649758121,-0.06504506835168529,-0.03688264347374678,0.009207362858382926,-0.027193971957429147,-0.018002621319328033,0.13242910474513303,-0.03563636584310378,ext|2R,0.08191686454581462,0.13242910474513303
A→D,0.5,bear,тренд,174,54.59770114942529,45.0,58.04597701149425,-0.025241179205596997,-0.06901527105823058,-0.06949165609486027,0.0029842334920213453,-0.019446148559866053,-0.03056383917471307,0.11964647695052187,-0.025908479837753438,ext|2R,0.10823407967718938,0.11964647695052187
A→D,0.5,bear,EMA200,132,55.3030303030303,53.84615384615385,61.36363636363637,-0.01715389869370169,-0.05578365248831686,-0.031848283985339766,0.012202652450878718,-0.006551508445679676,0.029507655389113638,0.2004137023193538,0.010325997273796654,ext|2R,0.11098546354391561,0.2004137023193538
A→D,0.5,bear,свежий≤24ч,151,51.65562913907284,43.58974358974359,53.64238410596026,-0.025998732115014966,-0.11503975125139403,-0.06807519555816437,-0.009860560560904267,-0.07777670148877519,-0.05919976096254301,0.07632990211223122,-0.07596786909231178,ext|2R,0.043583150449226477,0.07632990211223122
A→D,0.5,bear,не выходные,159,54.71698113207547,43.24324324324324,56.60377358490566,-0.031162119095199843,-0.060920991067004104,-0.0654936836078979,-0.023473273097158454,-0.05145317777816947,-0.10071832593983826,0.06483167484394893,-0.0575355891646523,ext|2R,-0.039275562292756916,0.06483167484394893
A→D,0.5,bear,заход<50%,178,55.0561797752809,46.808510638297875,59.55056179775281,0.013499333768947235,-0.05373579209375559,-0.02716723758012528,0.024032030385379915,-0.021881681501009522,0.0009686132888930907,0.18618581625722502,-0.030234397245984687,ext|2R,0.154479055068905,0.18618581625722502
A→D,0.5,bear,объём≥1.5x,154,56.493506493506494,40.625,59.74025974025974,-0.0022244737612414156,-0.05076436768133603,-0.063101537959303,0.004145405802843117,-0.032171684558054886,-0.08613123150500611,0.07837931222097153,-0.02229104980053575,ext|2R,0.01779981822718804,0.07837931222097153
A→D,0.5,bear,сессия NY,77,59.74025974025974,56.25,61.038961038961034,0.017759932732053698,0.0279738400446519,0.06723045141569371,0.014468414373488007,0.06986351947638793,0.03288834036667013,0.14880146545909956,0.10837223839869067,ext|2R,0.082358751285513,0.14880146545909956
A→D,0.75,оба,—,228,65.78947368421053,56.25,67.98245614035088,0.030115084751380958,0.04589882473729957,0.016640407621924803,-0.004410826606870284,0.07266610146560294,0.041579738395799586,0.06377119001888545,0.10917486016404604,far|0.5atr,-0.07136363294557224,0.030115084751380958
A→D,0.75,оба,тренд,205,65.85365853658537,56.896551724137936,67.8048780487805,0.028106937363899073,0.036389281516469245,0.005768846628415723,0.0014228652034015354,0.07444628583009785,0.0341768727840856,0.07648118831710006,0.10190133502913395,far|0.5atr,-0.06937876403675641,0.028106937363899073
A→D,0.75,оба,EMA200,162,69.1358024691358,58.139534883720934,71.60493827160494,0.04682721368716029,0.0858787379298934,0.05576521809504077,0.01639813583264515,0.12390993169306348,0.1550115327457977,0.16333774164470208,0.1688005971792143,far|0.5atr,-0.009807573593280041,0.04682721368716029
A→D,0.75,оба,свежий≤24ч,174,67.24137931034483,53.333333333333336,69.54022988505747,0.036518767495756194,0.07938348163022434,0.04490916394188309,0.024770418280178445,0.12196356973707802,0.0926086338941315,0.09568091908950731,0.16158344236940017,far|gap,-0.09003500431160237,0.04490916394188309
A→D,0.75,оба,не выходные,186,62.903225806451616,51.78571428571429,65.05376344086021,-0.00512923614722545,-0.008497600558212,-0.04058743669873104,-0.06044892688485342,-0.008247773117070782,-0.047406589664755625,-0.026933185495882535,0.021994001284328702,far|0.5atr,-0.11979497552068075,-0.00512923614722545
A→D,0.75,оба,заход<50%,210,64.28571428571429,55.932203389830505,67.61904761904762,0.02730895419112209,0.021304544852298813,-0.002652884259902878,-0.01291454353126472,0.03826443723389425,0.013274006743353101,0.030990320122779618,0.08713382871292381,far|0.5atr,-0.053790826439144596,0.02730895419112209
A→D,0.75,оба,объём≥1.5x,194,63.4020618556701,56.666666666666664,65.97938144329896,0.0042013117013886886,-0.00692504861406195,-0.025929900805535182,-0.042248930247016175,-0.00787906061810171,-0.029965360954915837,-4.1119921623430035e-05,0.04764822502911452,far|0.5atr,-0.0528452193128159,0.0042013117013886886
A→D,0.75,оба,сессия Asia,67,61.19402985074627,47.61904761904761,62.68656716417911,-0.004163808331018258,0.016505567799834024,-0.028000020341238965,0.05147668508318399,0.07601131930313519,-0.10032766492333618,-0.05262717208424643,0.1320824424520881,ce|0.5atr,-0.020755150485919596,0.05147668508318399
A→D,0.75,оба,сессия NY,79,67.08860759493672,60.86956521739131,70.88607594936708,0.015820661875096283,0.0507298549068488,0.07019622488839282,-0.010152573653715783,0.0987538200036489,0.06949882605263108,0.13001500187281792,0.12820234418472656,ext-0.25atr|1atr,-0.01457055887995505,0.12820234418472656
A→D,0.75,bull,—,121,70.24793388429752,53.125,67.76859504132231,0.0324125746984528,0.11483477662111571,0.07773838150795624,-0.031027484780550833,0.17765917484131502,0.12247390279902531,0.002314557183400583,0.2645767489423249,far|0.5atr,-0.08816623740840956,0.0324125746984528
A→D,0.75,bull,тренд,110,70.0,50.0,66.36363636363637,0.025760556211139877,0.09854375167917916,0.06160417814130095,-0.03390194314685533,0.17263524242944248,0.12719754335863012,0.03177841793698534,0.24259264188849766,far|0.5atr,-0.10732273468553567,0.025760556211139877
A→D,0.75,bull,EMA200,91,74.72527472527473,52.63157894736842,70.32967032967034,0.0763706822521347,0.1773740008111406,0.12421843801860565,0.002865524241782023,0.23783841203504086,0.26092323194588124,0.15425199525793554,0.32356299646665543,far|0.5atr,-0.08805259102030467,0.0763706822521347
A→D,0.75,bull,свежий≤24ч,94,71.27659574468085,47.82608695652174,71.27659574468085,0.038219643062861776,0.15100897448506426,0.12374065715978327,0.006650824169798881,0.2272985972702248,0.16236653123144074,0.03500102831207694,0.3067973102906078,far|0.5atr,-0.1070869671067855,0.038219643062861776
A→D,0.75,bull,не выходные,100,66.0,48.275862068965516,65.0,0.0013707890706768564,0.03594474929102422,-0.002332731364176277,-0.061160832175979306,0.1056732521431525,0.06444375434479255,-0.06141870587319689,0.18003963235488846,far|0.5atr,-0.1337170403465407,0.0013707890706768564
A→D,0.75,bull,заход<50%,109,67.88990825688074,51.724137931034484,66.97247706422019,0.017285569581975975,0.07648309537994517,0.05114149624650386,-0.05272730299835091,0.13571365339224437,0.08295488440616357,-0.07403100704526024,0.23683121577108965,far|0.5atr,-0.07789968819350217,0.017285569581975975
A→D,0.75,bull,объём≥1.5x,98,66.3265306122449,53.57142857142857,64.28571428571429,-0.006328911686304903,0.03765531007565844,0.029471398615014136,-0.07512794424192543,0.0843996353299735,0.07798454206956673,-0.05308247831287428,0.20631713576413255,far|0.5atr,-0.10244495332036734,-0.006328911686304903
A→D,0.75,bear,—,107,60.747663551401864,50.0,68.22429906542055,0.02751698864300997,-0.032056784402342976,-0.05245169368844722,0.025688384972712378,-0.04606438337982843,-0.049898709200371566,0.13326887761789172,-0.06655998602447494,ce|0.5atr,-0.04445253398852185,0.025688384972712378
A→D,0.75,bear,тренд,95,61.05263157894737,45.0,69.47368421052632,0.030823799751304438,-0.03557905235614217,-0.058882589860188184,0.042325274872120046,-0.03924619023230119,-0.07353127209170279,0.12824229086249603,-0.061004388702760905,ext|2R,0.0027977558118702653,0.12824229086249603
A→D,0.75,bear,EMA200,71,61.97183098591549,50.0,73.23943661971832,0.008961641301066322,-0.03138983843902911,-0.03197059899009174,0.03374275068854012,-0.02211107832271031,0.01926555208090191,0.17498285321083942,-0.029556844161027038,ce|0.5atr,-0.03399751237470725,0.03374275068854012
A→D,0.75,bear,свежий≤24ч,80,62.5,55.55555555555556,67.5,0.03452023870440716,-0.004776472474212576,-0.047717840589149664,0.04606094135987443,-0.0018050876143694216,0.010643104522793202,0.16697979075298802,-0.009042852438018712,ext|2R,0.09143480139178661,0.16697979075298802
A→D,0.75,bear,не выходные,86,59.30232558139535,43.75,65.11627906976744,-0.012687405005251399,-0.06017475154569597,-0.08506965220402725,-0.05962113003470706,-0.14071408155919088,-0.17746512921074184,0.013166256803320201,-0.1617799883326012,far|0.5atr,-0.104841646633646,-0.012687405005251399
A→D,0.75,bear,заход<50%,101,60.396039603960396,52.17391304347826,68.31683168316832,0.03812627025445797,-0.03824458393496308,-0.06070820579652002,0.030051701834204518,-0.06690352871917665,-0.06192614835809587,0.14433016825462458,-0.07442077712212644,ext|2R,-0.0019340126255032416,0.14433016825462458
A→D,0.75,bear,объём≥1.5x,96,60.416666666666664,44.44444444444444,67.70833333333334,0.014950914742992543,-0.05243416477648485,-0.08248539396401261,-0.008684936793879628,-0.10208022939842842,-0.14016422029240846,0.05410526676944516,-0.11432628801288307,ce|0.5atr,-0.04445253398852185,-0.008684936793879628
A→D,1.0,оба,—,136,65.44117647058823,50.0,68.38235294117648,-0.010082274563055766,-0.02587146937714965,-0.040633544515433294,-0.0665798815033255,-0.02697933878420316,-0.10814133231041109,-0.039293878023428264,0.019917801661288752,far|0.5atr,-0.11765978561314512,-0.010082274563055766
A→D,1.0,оба,тренд,126,66.66666666666666,52.63157894736842,69.04761904761905,-0.0025390750079017726,-0.011847894637850357,-0.033715463058367486,-0.02479579027927966,0.022034744775450907,-0.05009360817230679,0.019980187483080496,0.07333159993796433,far|0.5atr,-0.1047202698951358,-0.0025390750079017726
A→D,1.0,оба,EMA200,102,69.6078431372549,58.06451612903226,70.58823529411765,0.01239509800052207,0.029031021334039814,0.004174195793538391,-0.0166397230915019,0.04417450563527215,0.02614076621849158,0.08191390115869547,0.10315533023341063,far|0.5atr,-0.019102098806574704,0.01239509800052207
A→D,1.0,оба,свежий≤24ч,99,67.67676767676768,46.42857142857143,70.70707070707071,-0.004105174811610208,0.008090352970396905,0.0023393855043116222,-0.048250252058148674,0.0074979085685809785,-0.10396425522234304,-0.046497261821694856,0.06448925729229939,far|0.5atr,-0.17604095887397544,-0.004105174811610208
A→D,1.0,оба,не выходные,115,61.73913043478261,45.714285714285715,66.08695652173913,-0.04420151950895237,-0.08135976799677443,-0.09258314839808744,-0.11083036151360703,-0.09534456350515112,-0.15872404090760708,-0.13470431517891449,-0.055197616170915904,far|0.5atr,-0.16236043683118673,-0.04420151950895237
A→D,1.0,оба,заход<50%,126,64.28571428571429,47.22222222222222,69.04761904761905,-0.008179629197647548,-0.041198273289035185,-0.05100938223482785,-0.07532844504126683,-0.056111436893729334,-0.1393237203429149,-0.030650354466412174,0.0045374138575591146,far|0.5atr,-0.12157342283714444,-0.008179629197647548
A→D,1.0,оба,объём≥1.5x,124,64.51612903225806,50.0,68.54838709677419,-0.01629701078736943,-0.04513251118981283,-0.04389884405557061,-0.0548203721929517,-0.037620549576084225,-0.11081533172027656,-0.035952506784820384,0.021585228302759774,far|0.5atr,-0.10306971585334085,-0.01629701078736943
A→D,1.0,bull,—,74,67.56756756756756,50.0,66.21621621621621,0.003506038420950795,0.012354395586919626,-0.0010361114666999401,-0.07933329596987476,0.06263315970332274,0.05241303509103303,-0.007525557653601099,0.179201427880212,far|0.5atr,-0.11441189082402328,0.003506038420950795
A→D,1.0,bull,тренд,71,67.6056338028169,50.0,64.7887323943662,-0.008341248721469257,0.009074804378134259,-0.007696429316320248,-0.059389617455184215,0.08132812155279477,0.10062116891935173,0.038149959579873965,0.2038441312513798,far|0.5atr,-0.11441189082402328,-0.008341248721469257
A→D,1.0,bull,не выходные,62,62.903225806451616,47.05882352941176,64.51612903225806,-0.023840606949101468,-0.062087814575812486,-0.08107096269743819,-0.09985938940004001,0.008476091482052804,0.006210298280077733,-0.0892288768956961,0.11089937722115613,far|0.5atr,-0.13470702909378637,-0.023840606949101468
A→D,1.0,bull,заход<50%,68,64.70588235294117,43.75,66.17647058823529,-0.01603652098683291,-0.029706842148188157,-0.025956160359642582,-0.11555431633196993,0.004793000433435583,-0.00016644084468201686,-0.04776519203421789,0.14664735540723683,far|0.5atr,-0.16006568384958522,-0.01603652098683291
A→D,1.0,bull,объём≥1.5x,63,65.07936507936508,50.0,65.07936507936508,-0.022455033123284354,-0.034732701772562456,-0.01616572682835991,-0.07386376199780587,0.04125722077215522,0.05951387383456276,-0.01216421115172339,0.19315495545013853,far|0.5atr,-0.0793544882958479,-0.022455033123284354
A→D,1.0,bear,—,62,62.903225806451616,50.0,70.96774193548387,-0.026300583608482947,-0.07149588885039367,-0.08789499686392149,-0.05135806423679892,-0.1339361918177018,-0.2997707385637477,-0.07721090556160913,-0.17019491350323251,far|0.5atr,-0.12031715407697208,-0.026300583608482947
A→D,1.0,bear,объём≥1.5x,61,63.934426229508205,50.0,72.1311475409836,-0.009937086079785159,-0.055873297965005876,-0.07254124381482102,-0.03515260895187276,-0.11908447632918392,-0.28672910139166796,-0.06052074653703538,-0.15560973580027074,ce|0.5atr,-0.11452477284961383,-0.03515260895187276
D<50%,0.5,оба,—,339,57.817109144542776,55.172413793103445,60.17699115044248,0.025373509598848484,-0.023357515870120762,0.010571624366035927,-0.004349488519331369,0.00654268162431238,0.0075806682629771275,0.05617761623127315,0.03566273863201967,far|gap,-0.011602371510288048,0.010571624366035927
D<50%,0.5,оба,тренд,294,58.16326530612245,55.00000000000001,59.523809523809526,0.01782710479848058,-0.03250943671183944,-0.011928949483204495,-0.0031138078455463475,0.00996995576410399,-0.012032865585938227,0.06282863656148216,0.02404197819532085,far|gap,-0.037895744394877126,-0.011928949483204495
D<50%,0.5,оба,EMA200,234,58.97435897435898,53.44827586206896,61.965811965811966,0.02651989581156112,-0.016990072230573656,0.01268088907960762,0.005939405988070652,0.031017695210799567,0.05927331479009576,0.13028134261833726,0.06056242414119358,far|0.5atr,-0.024254164739170383,0.02651989581156112
D<50%,0.5,оба,свежий≤24ч,262,57.63358778625955,53.84615384615385,59.16030534351145,0.040156935521437086,-0.01967712739592708,0.026637457463300252,0.025462095201503963,0.023204466967358384,0.016545478464041842,0.05029281732823354,0.053785293751913335,far|gap,0.018911239065647456,0.026637457463300252
D<50%,0.5,оба,не выходные,270,57.77777777777777,53.42465753424658,59.25925925925925,0.021040980422103766,-0.024799431152520833,-0.015115693417528083,-0.011114801704964426,-0.00021537311010568112,-0.018419491407391596,0.045121843462691054,0.020668973736641297,far|0.5atr,-0.05262438693834723,0.021040980422103766
D<50%,0.5,оба,заход<50%,339,57.817109144542776,55.172413793103445,60.17699115044248,0.025373509598848484,-0.023357515870120762,0.010571624366035927,-0.004349488519331369,0.00654268162431238,0.0075806682629771275,0.05617761623127315,0.03566273863201967,far|gap,-0.011602371510288048,0.010571624366035927
D<50%,0.5,оба,объём≥1.5x,256,58.59375,51.35135135135135,60.9375,0.014912153550481384,-0.02955911244368953,-0.004359366479478714,-0.01992208822279813,-0.014869044402746869,-0.019997900751309625,0.027844037102728515,0.036995331214999164,far|0.5atr,-0.06291244888320421,0.014912153550481384
D<50%,0.5,оба,сессия Asia,98,56.12244897959183,50.0,57.14285714285714,-0.018888624605806672,-0.02455243479318408,-0.030939602377009073,0.0467039959522977,0.048071241024819265,-0.11197410201873995,-0.05556711443762579,0.056148962474101435,far|0.5atr,-0.03778250012468265,-0.018888624605806672
D<50%,0.5,оба,сессия NY,123,60.16260162601627,58.82352941176471,62.601626016260155,0.0269991877187031,0.007939670007632307,0.06129430335699619,0.037557263006928805,0.08246112850282426,0.12930986697832528,0.14920620866678116,0.11947970993536014,ext|2R,0.12978314957946313,0.14920620866678116
D<50%,0.5,bull,—,160,60.62499999999999,53.65853658536586,60.62499999999999,0.04179864470240755,0.003969214639606639,0.03643828286969869,-0.02509030957093684,0.043485313289462785,0.019259555226912972,-0.08053641224371542,0.11466298996576278,far|gap,-0.013154771258116501,0.03643828286969869
D<50%,0.5,bull,тренд,140,60.71428571428571,50.0,59.285714285714285,0.03854133169486069,-0.015550150896048835,0.015664004292405425,-0.028016179466526868,0.035653087207560726,-0.011153992287696956,-0.06103493204885247,0.07637935422511274,far|0.5atr,-0.06689382423222107,0.03854133169486069
D<50%,0.5,bull,EMA200,117,61.53846153846154,45.83333333333333,60.68376068376068,0.055539158385864255,-0.0007353984641849641,0.024249001741288273,-0.021748786124866477,0.0389467251124009,0.045511419153828093,0.0023897033621604266,0.09733493160321528,far|gap,-0.09803959633547925,0.024249001741288273
D<50%,0.5,bull,свежий≤24ч,128,60.9375,53.125,61.71875,0.06590944088259065,0.029115809631576957,0.0692114707672481,0.04033257309806243,0.10435937180281898,0.061233319488084664,-0.034035477819051474,0.16253819766357802,far|gap,0.0410233290963359,0.0692114707672481
D<50%,0.5,bull,не выходные,132,59.84848484848485,50.0,60.60606060606061,0.06481033671804041,-0.0052920570771156335,0.017727623172695023,-0.005520540877611905,0.04349998412917537,0.050149973459304685,-0.040548941138587195,0.09696251540457392,far|0.5atr,0.01342426636448278,0.06481033671804041
D<50%,0.5,bull,заход<50%,160,60.62499999999999,53.65853658536586,60.62499999999999,0.04179864470240755,0.003969214639606639,0.03643828286969869,-0.02509030957093684,0.043485313289462785,0.019259555226912972,-0.08053641224371542,0.11466298996576278,far|gap,-0.013154771258116501,0.03643828286969869
D<50%,0.5,bull,объём≥1.5x,115,61.73913043478261,46.875,62.60869565217392,0.03691934721911696,0.00846613918772358,0.05386983499773951,-0.037653735054010394,0.03965977574323328,0.08838226303977384,-0.05728822248439381,0.1522290552564665,far|0.5atr,-0.014074751398455447,0.03691934721911696
D<50%,0.5,bear,—,179,55.3072625698324,47.91666666666667,59.77653631284916,0.010691824590080605,-0.04778364370004472,-0.012549411167964332,0.014189792867578568,-0.026478665115486855,-0.0028585603081387155,0.1783800997843356,-0.03495201116350486,ext|2R,0.1531404941813834,0.1783800997843356
D<50%,0.5,bear,тренд,154,55.84415584415584,50.0,59.74025974025974,-0.0010040105618649778,-0.04792696927164905,-0.0370134529155771,0.019524711809890485,-0.013378345548129411,-0.012831841311612087,0.17543188075269556,-0.0235374545590354,ext|2R,0.13251465432403708,0.17543188075269556
D<50%,0.5,bear,EMA200,117,56.41025641025641,55.172413793103445,63.24786324786324,-0.002499366762741977,-0.03324474599696235,0.0011127764179269671,0.033627598101007794,0.023088665309198245,0.07303521042636343,0.2581729818745141,0.0237899166791718,ext|2R,0.2278849827318875,0.2581729818745141
D<50%,0.5,bear,свежий≤24ч,134,54.47761194029851,47.22222222222222,56.71641791044776,0.015557527415260572,-0.06628530604906525,-0.014030256737485758,0.011257459598821302,-0.054316636159051766,-0.026141414454446826,0.1308452186629535,-0.05009807714878136,ext|2R,0.07435479812575212,0.1308452186629535
D<50%,0.5,bear,не выходные,138,55.79710144927537,47.05882352941176,57.971014492753625,-0.02082536038270521,-0.04345865852899535,-0.04653103972121975,-0.01646583380069294,-0.04203006264333103,-0.08400767519292716,0.12706781134217454,-0.0523074574239899,ext|2R,0.07893334937432407,0.12706781134217454
D<50%,0.5,bear,заход<50%,179,55.3072625698324,47.91666666666667,59.77653631284916,0.010691824590080605,-0.04778364370004472,-0.012549411167964332,0.014189792867578568,-0.026478665115486855,-0.0028585603081387155,0.1783800997843356,-0.03495201116350486,ext|2R,0.1531404941813834,0.1783800997843356
D<50%,0.5,bear,объём≥1.5x,141,56.02836879432624,43.75,59.57446808510638,-0.0030369760374128773,-0.060572615547324356,-0.051851268393521964,-0.005460106764717213,-0.059342904805496616,-0.10839306980077487,0.09727814953194176,-0.056989621017403284,ext|2R,0.017569997041949684,0.09727814953194176
D<50%,0.5,bear,сессия NY,70,60.0,57.89473684210527,61.42857142857143,0.019855696838380364,0.026647409873090836,0.082778295207348,0.02499723352270856,0.08121542719035985,0.05843504127262854,0.18475502890373094,0.08863970872420734,ext|2R,0.07622828881647381,0.18475502890373094
D<50%,0.75,оба,—,211,64.45497630331754,55.932203389830505,67.77251184834124,0.0246842815644405,0.026789881581521402,0.0016824406521476851,-0.021547359544441452,0.03608521570739211,0.011810309296116794,0.03949078813918991,0.08480855946732109,far|gap,-0.06029055945207468,0.0016824406521476851
D<50%,0.75,оба,тренд,190,64.21052631578948,55.55555555555556,67.36842105263158,0.017541462052413255,0.011563256566126464,-0.014577543283152347,-0.020870321057702437,0.031685883982237525,-0.004446799725840188,0.054569926042040084,0.06961251397482483,far|0.5atr,-0.08901556533147215,0.017541462052413255
D<50%,0.75,оба,EMA200,145,66.89655172413794,56.41025641025641,71.03448275862068,0.02990184401675082,0.047956307773018694,0.02551861784779188,-0.00789475559023147,0.07349996471600051,0.1212622912344641,0.1399296640216927,0.13678442067151103,far|0.5atr,-0.031073376755903246,0.02990184401675082
D<50%,0.75,оба,свежий≤24ч,162,66.66666666666666,55.81395348837209,69.75308641975309,0.044910813992534,0.07488841737103029,0.036462643035114144,0.0258795459828323,0.10593217350163776,0.07745055937713631,0.08768853083635093,0.14892025042072496,far|gap,-0.05050376309437803,0.036462643035114144
D<50%,0.75,оба,не выходные,171,61.40350877192983,50.98039215686274,64.91228070175438,-0.012417077766181553,-0.031359602188931135,-0.05713266387061847,-0.07226116787528575,-0.03835217444384756,-0.07196889791453799,-0.02459766688752964,-0.00023963140558389435,far|0.5atr,-0.1259635577817962,-0.012417077766181553
D<50%,0.75,оба,заход<50%,211,64.45497630331754,55.932203389830505,67.77251184834124,0.0246842815644405,0.026789881581521402,0.0016824406521476851,-0.021547359544441452,0.03608521570739211,0.011810309296116794,0.03949078813918991,0.08480855946732109,far|gap,-0.06029055945207468,0.0016824406521476851
D<50%,0.75,оба,объём≥1.5x,179,62.01117318435754,56.36363636363636,65.92178770949721,-0.0002903442763587954,-0.024880818434971187,-0.039943694828652725,-0.058551024807280035,-0.043404687356281446,-0.06174274902559055,-0.013115200751758548,0.02105652466169777,far|0.5atr,-0.05254036047851073,-0.0002903442763587954
D<50%,0.75,оба,сессия Asia,64,59.375,45.0,62.5,-0.019230743351169588,-0.014531917001120248,-0.03225111560796707,0.05553848222461845,0.06415795181380334,-0.12124333054639197,-0.05294930950859307,0.10471537364941434,far|0.5atr,-0.041056081005742054,-0.019230743351169588
D<50%,0.75,оба,сессия NY,75,65.33333333333333,60.86956521739131,69.33333333333334,-0.0004954683024369795,0.016524774653707275,0.0410516130811033,-0.036135026807658725,0.04845303031724701,0.039749928360904754,0.07193522817049974,0.10398890675697404,ext-0.25atr|1atr,-0.03731111076669319,0.10398890675697404
D<50%,0.75,bull,—,109,67.88990825688074,51.724137931034484,66.97247706422019,0.01796836302941578,0.0779011554603802,0.05247641185765629,-0.05100589188814352,0.13929840532287283,0.08555928231790871,-0.04714131373884496,0.24084886860448093,far|0.5atr,-0.07789968819350217,0.01796836302941578
D<50%,0.75,bull,тренд,100,67.0,46.15384615384615,65.0,0.001357369957041823,0.050613240880089415,0.02640155595420633,-0.06155281165123474,0.12586841496093698,0.08111775049291756,-0.010415557549275867,0.20451734332560176,far|0.5atr,-0.13487205684445935,0.001357369957041823
D<50%,0.75,bull,EMA200,80,71.25,47.05882352941176,68.75,0.04874775008469777,0.12031317373169337,0.08134570344403241,-0.03393635026347427,0.17609436503753623,0.21527887371809298,0.09487679010186026,0.279585770561921,far|0.5atr,-0.11164496564805429,0.04874775008469777
D<50%,0.75,bull,свежий≤24ч,85,69.41176470588235,50.0,70.58823529411765,0.02894382015726158,0.1242091179319386,0.09540978348744104,0.0008410344503482724,0.20840567607483915,0.14133528400332343,0.00863738188633105,0.2934922757758733,far|0.5atr,-0.07971889148127487,0.02894382015726158
D<50%,0.75,bull,не выходные,91,63.73626373626373,46.15384615384615,64.83516483516483,-0.009258483251428326,0.002556127234762992,-0.021386156029049894,-0.07075658148946,0.08053471056056692,0.042142478768946695,-0.06161343041971266,0.15652913945563376,far|0.5atr,-0.12752175117662065,-0.009258483251428326
D<50%,0.75,bull,заход<50%,109,67.88990825688074,51.724137931034484,66.97247706422019,0.01796836302941578,0.0779011554603802,0.05247641185765629,-0.05100589188814352,0.13929840532287283,0.08555928231790871,-0.04714131373884496,0.24084886860448093,far|0.5atr,-0.07789968819350217,0.01796836302941578
D<50%,0.75,bull,объём≥1.5x,87,63.2183908045977,52.0,63.2183908045977,-0.025416576211022338,-0.010712195802386965,-0.0023091933207007686,-0.09911025124791191,0.03566044850442602,0.03768636805724295,-0.099699377188616,0.1762024737827256,far|0.5atr,-0.12193290107509117,-0.025416576211022338
D<50%,0.75,bear,—,102,60.78431372549019,54.166666666666664,68.62745098039215,0.03186109646951594,-0.027829028740004185,-0.05259739132236637,0.009932836783632295,-0.07421123201895494,-0.0669998677565825,0.13206823034218793,-0.08194039833611444,ext|2R,-0.0031608182043987893,0.13206823034218793
D<50%,0.75,bear,тренд,90,61.111111111111114,50.0,70.0,0.03552378660282594,-0.031825614893832344,-0.06010987576910646,0.024332446268444573,-0.07296137266076183,-0.0995185221911266,0.12677601892128007,-0.08028174085937168,ext|2R,0.07635614575867732,0.12677601892128007
D<50%,0.75,bear,EMA200,65,61.53846153846154,54.54545454545454,73.84615384615385,0.006706882702354584,-0.04109829648381164,-0.04319164134758111,0.02415643785375969,-0.0527700664489665,0.005549574331536225,0.19537935499994805,-0.03897108688591667,ext|2R,0.002040627541927444,0.19537935499994805
D<50%,0.75,bear,свежий≤24ч,77,63.63636363636363,61.111111111111114,68.83116883116884,0.06253671627822437,0.0204434881804172,-0.028608875646025902,0.053519461310899075,-0.007187926741506522,0.006928460763812792,0.17495278617078858,-0.01067224510119196,ext|2R,0.072179636781324,0.17495278617078858
D<50%,0.75,bear,не выходные,80,58.75,46.666666666666664,65.0,-0.01600997902671335,-0.06993874440838319,-0.09779431654040271,-0.07397263488916259,-0.1735860061363691,-0.20177058889200192,0.017507764130328528,-0.17856410826021896,far|0.5atr,-0.12434303665117871,-0.01600997902671335
D<50%,0.75,bear,заход<50%,102,60.78431372549019,54.166666666666664,68.62745098039215,0.03186109646951594,-0.027829028740004185,-0.05259739132236637,0.009932836783632295,-0.07421123201895494,-0.0669998677565825,0.13206823034218793,-0.08194039833611444,ext|2R,-0.0031608182043987893,0.13206823034218793
D<50%,0.75,bear,объём≥1.5x,92,60.86956521739131,50.0,68.47826086956522,0.023470331574899105,-0.038279407228827986,-0.07553284299378117,-0.020196104151465118,-0.11817280496368958,-0.15576810974522654,0.06876331392222618,-0.1256575793984047,ext|2R,-0.0031608182043987893,0.06876331392222618
D<50%,1.0,оба,—,126,64.28571428571429,47.22222222222222,69.04761904761905,-0.017052114561571186,-0.04125200428107435,-0.05112869181905328,-0.08445325644972344,-0.05628431541674869,-0.1396867262071715,-0.030616128783917895,0.004312499447776592,far|0.5atr,-0.15262712161087716,-0.017052114561571186
D<50%,1.0,оба,тренд,116,65.51724137931035,50.0,69.82758620689656,-0.009459487458431134,-0.027345408866311715,-0.0445189781073801,-0.0406078965810528,-0.005571170915102498,-0.07935431842757207,0.03451585178690286,0.060985650833345555,far|0.5atr,-0.1402222120435569,-0.009459487458431134
D<50%,1.0,оба,EMA200,92,68.47826086956522,55.55555555555556,71.73913043478261,0.005292640237726803,0.013934037738576606,-0.005329186349574685,-0.035690197647240025,0.011773542466728881,-0.002466827756538713,0.10697340328912525,0.09083040856839641,far|gap,-0.04213396684539699,-0.005329186349574685
D<50%,1.0,оба,свежий≤24ч,92,67.3913043478261,48.148148148148145,71.73913043478261,0.007038835584091482,0.006995203775935396,-0.005313457778124577,-0.0449660576108258,-0.004047860830283016,-0.12049430685431385,-0.035243715770264375,0.06502582513505813,far|0.5atr,-0.14392479732106936,0.007038835584091482
D<50%,1.0,оба,не выходные,106,60.37735849056604,41.935483870967744,66.98113207547169,-0.05265814003001622,-0.0986820537047554,-0.10232056379440797,-0.13105060668973265,-0.12715140916028908,-0.19284032656857433,-0.11347104433488016,-0.07472426337456174,far|0.5atr,-0.20862633524908566,-0.05265814003001622
D<50%,1.0,оба,заход<50%,126,64.28571428571429,47.22222222222222,69.04761904761905,-0.017052114561571186,-0.04125200428107435,-0.05112869181905328,-0.08445325644972344,-0.05628431541674869,-0.1396867262071715,-0.030616128783917895,0.004312499447776592,far|0.5atr,-0.15262712161087716,-0.017052114561571186
D<50%,1.0,оба,объём≥1.5x,114,63.1578947368421,47.05882352941176,69.2982456140351,-0.02454567045452801,-0.06382161483912113,-0.0557851734911627,-0.07354361912402539,-0.07094370013415038,-0.14591585474738594,-0.02606820751671178,0.004483528193217475,far|0.5atr,-0.13837747517331545,-0.02454567045452801
D<50%,1.0,bull,—,68,64.70588235294117,43.75,66.17647058823529,-0.01603652098683291,-0.029706842148188157,-0.025956160359642582,-0.11555431633196993,0.004793000433435583,-0.00016644084468201686,-0.04776519203421789,0.14664735540723683,far|0.5atr,-0.16006568384958522,-0.01603652098683291
D<50%,1.0,bull,тренд,65,64.61538461538461,43.75,64.61538461538461,-0.029879368145835614,-0.0352304527486356,-0.03438143288274827,-0.09544142227878927,0.022544105256556358,0.050064929524602335,0.0002693128955494117,0.17206227420622125,far|0.5atr,-0.16006568384958522,-0.029879368145835614
D<50%,1.0,bull,заход<50%,68,64.70588235294117,43.75,66.17647058823529,-0.01603652098683291,-0.029706842148188157,-0.025956160359642582,-0.11555431633196993,0.004793000433435583,-0.00016644084468201686,-0.04776519203421789,0.14664735540723683,far|0.5atr,-0.16006568384958522,-0.01603652098683291
